date,temp,wsp,wdir,rh,P,pp
2025-08-01 00:00:00,15.76,1.814,103.8,90.8,988.2442,0.0
2025-08-01 01:00:00,15.82,0.268,74.25,90.4,988.2227,0.0
2025-08-01 02:00:00,15.82,0.657,134.3,90.0,988.2386,0.0
2025-08-01 03:00:00,15.56,2.034,103.4,91.7,987.8403,0.0
2025-08-01 04:00:00,15.23,0.016,130.2,91.6,987.4548,0.0
2025-08-01 05:00:00,13.13,0.0,106.2,95.3,987.2935,0.0
2025-08-01 06:00:00,12.65,0.0,268.7,96.4,987.1942,0.0
2025-08-01 07:00:00,13.88,0.299,22.19,98.5,988.1291,0.0
2025-08-01 08:00:00,15.36,0.0,306.6,94.1,988.5269,0.0
2025-08-01 09:00:00,16.02,0.438,181.1,91.1,989.3692,0.0
2025-08-01 10:00:00,16.75,0.608,312.1,88.1,989.2285,0.0
2025-08-01 11:00:00,17.43,1.201,229.5,85.2,988.6285,0.0
2025-08-01 12:00:00,19.28,0.808,318.9,79.05,987.6216,0.0
2025-08-01 13:00:00,19.01,2.106,297.6,81.0,987.4052,0.0
2025-08-01 14:00:00,18.78,1.829,266.4,82.1,986.8232,0.0
2025-08-01 15:00:00,17.89,1.429,256.0,84.2,986.3076,0.0
2025-08-01 16:00:00,16.69,1.826,203.5,87.4,986.3298,0.0
2025-08-01 17:00:00,16.49,0.708,197.7,87.1,986.648,0.0
2025-08-01 18:00:00,16.32,0.84,232.6,87.5,987.0474,0.0
2025-08-01 19:00:00,15.93,0.703,278.2,89.2,987.6076,0.0
2025-08-01 20:00:00,16.12,1.731,81.1,88.6,987.2736,0.0
2025-08-01 21:00:00,15.22,0.018,279.4,91.6,987.597,0.0
2025-08-01 22:00:00,15.64,0.344,228.5,91.5,988.4429,0.0
2025-08-01 23:00:00,15.6,0.205,0.219,90.7,988.0624,0.0
2025-08-02 00:00:00,15.53,0.864,264.7,91.4,987.5959,0.0
2025-08-02 01:00:00,15.55,0.433,296.6,91.2,986.922,0.0
2025-08-02 02:00:00,15.29,0.141,296.5,92.1,986.4999,0.0
2025-08-02 03:00:00,15.28,0.051,229.9,92.3,985.6769,0.0
2025-08-02 04:00:00,15.29,0.455,226.5,92.0,985.8741,0.0
2025-08-02 05:00:00,15.03,0.421,319.1,93.0,986.5022,0.0
2025-08-02 06:00:00,15.0,0.038,305.9,92.9,986.466,0.0
2025-08-02 07:00:00,15.06,0.0,241.8,92.1,986.8847,0.0
2025-08-02 08:00:00,15.42,0.578,264.4,90.9,987.6902,0.0
2025-08-02 09:00:00,15.68,0.95,284.3,89.8,988.0379,0.0
2025-08-02 10:00:00,16.18,0.943,218.6,88.1,988.4261,0.0
2025-08-02 11:00:00,17.78,0.869,343.5,82.3,987.8099,0.0
2025-08-02 12:00:00,20.26,1.694,288.5,72.48,986.855,0.0
2025-08-02 13:00:00,20.67,2.689,289.6,71.37,985.9459,0.0
2025-08-02 14:00:00,20.81,1.965,288.0,70.74,985.1513,0.0
2025-08-02 15:00:00,20.33,1.958,296.4,72.44,984.2445,0.0
2025-08-02 16:00:00,18.72,2.686,279.0,78.21,984.0703,0.0
2025-08-02 17:00:00,17.63,1.431,299.4,83.1,984.4136,0.0
2025-08-02 18:00:00,16.64,0.553,329.4,86.4,984.666,0.0
2025-08-02 19:00:00,16.34,1.009,269.9,87.0,985.0052,0.0
2025-08-02 20:00:00,16.21,0.401,230.9,88.1,985.8264,0.0
2025-08-02 21:00:00,16.15,0.602,273.9,88.5,986.3527,0.0
2025-08-02 22:00:00,15.91,0.893,242.6,90.7,986.3218,0.0
2025-08-02 23:00:00,15.97,0.457,337.3,90.5,986.2748,0.0
2025-08-03 00:00:00,15.56,1.046,289.6,92.7,986.5231,0.0
2025-08-03 01:00:00,15.05,0.37,223.5,96.0,986.2679,0.0
2025-08-03 02:00:00,14.89,0.082,282.1,97.1,985.823,0.0
2025-08-03 03:00:00,14.85,0.384,309.8,96.9,985.8729,0.1
2025-08-03 04:00:00,14.98,0.551,220.2,96.5,985.8943,0.0
2025-08-03 05:00:00,14.96,0.932,265.5,95.7,985.9473,0.0
2025-08-03 06:00:00,14.94,0.257,254.9,96.4,986.251,0.0
2025-08-03 07:00:00,15.02,1.245,290.0,95.8,986.6939,0.0
2025-08-03 08:00:00,15.18,0.396,296.4,96.4,987.3349,0.0
2025-08-03 09:00:00,15.57,0.53,308.0,94.2,987.7609,0.0
2025-08-03 10:00:00,15.62,0.474,333.9,94.2,987.6859,0.0
2025-08-03 11:00:00,15.71,1.006,286.0,92.7,987.4169,0.0
2025-08-03 12:00:00,16.32,0.345,317.4,89.5,987.0013,0.0
2025-08-03 13:00:00,17.29,0.81,295.4,84.4,986.2228,0.0
2025-08-03 14:00:00,17.6,0.7,200.4,83.7,985.2982,0.0
2025-08-03 15:00:00,18.0,0.66,250.7,82.3,984.6448,0.0
2025-08-03 16:00:00,18.17,0.993,239.9,81.0,984.0124,0.0
2025-08-03 17:00:00,17.17,1.062,244.6,84.2,984.0129,0.0
2025-08-03 18:00:00,16.17,0.734,310.5,88.1,983.878,0.0
2025-08-03 19:00:00,15.97,0.474,249.3,88.7,984.2057,0.0
2025-08-03 20:00:00,15.74,0.043,302.4,89.7,984.6866,0.0
2025-08-03 21:00:00,15.67,0.371,327.2,90.3,985.1194,0.0
2025-08-03 22:00:00,15.65,0.465,256.5,90.5,985.2733,0.0
2025-08-03 23:00:00,15.6,0.565,264.3,91.3,985.4417,0.0
2025-08-04 00:00:00,15.55,0.055,323.7,91.8,985.4854,0.0
2025-08-04 01:00:00,15.39,0.191,286.4,92.9,985.24,0.0
2025-08-04 02:00:00,15.26,0.138,239.6,93.6,985.092,0.0
2025-08-04 03:00:00,15.39,0.068,225.4,92.9,985.0277,0.0
2025-08-04 04:00:00,15.34,0.012,255.8,93.2,985.09,0.0
2025-08-04 05:00:00,15.17,0.013,265.4,94.8,985.3066,0.0
2025-08-04 06:00:00,14.98,0.0,344.1,96.5,985.8575,0.0
2025-08-04 07:00:00,15.01,0.007,332.9,97.4,986.4983,0.0
2025-08-04 08:00:00,15.36,0.215,237.0,96.2,986.9476,0.0
2025-08-04 09:00:00,16.2,0.16,268.8,90.8,987.5637,0.0
2025-08-04 10:00:00,17.05,0.494,251.6,86.9,987.7926,0.0
2025-08-04 11:00:00,17.73,0.855,315.7,85.9,987.4779,0.0
2025-08-04 12:00:00,17.6,1.779,251.8,86.3,987.2048,0.0
2025-08-04 13:00:00,17.38,1.239,276.0,86.8,986.7898,0.0
2025-08-04 14:00:00,18.19,1.072,278.4,84.0,985.9282,0.0
2025-08-04 15:00:00,17.98,1.866,223.1,85.4,985.6848,0.0
2025-08-04 16:00:00,17.86,1.294,295.7,86.0,985.6013,0.0
2025-08-04 17:00:00,17.34,1.314,301.0,87.7,985.7293,0.0
2025-08-04 18:00:00,16.58,1.072,275.4,91.2,986.4752,0.0
2025-08-04 19:00:00,16.25,0.548,274.8,92.6,987.1465,0.0
2025-08-04 20:00:00,16.15,0.243,314.7,93.3,987.5841,0.0
2025-08-04 21:00:00,16.1,0.845,292.5,94.0,987.6719,0.0
2025-08-04 22:00:00,16.04,0.345,255.5,93.9,987.7374,0.0
2025-08-04 23:00:00,16.07,0.093,266.2,93.8,988.028,0.0
2025-08-05 00:00:00,16.04,0.0,332.6,93.4,987.7171,0.0
2025-08-05 01:00:00,15.77,0.419,269.1,94.2,987.4879,0.0
2025-08-05 02:00:00,15.52,0.117,322.1,95.8,987.2442,0.0
2025-08-05 03:00:00,15.3,0.164,265.8,97.4,986.8336,0.0
2025-08-05 04:00:00,15.16,0.514,255.0,97.7,986.939,0.0
2025-08-05 05:00:00,15.11,0.031,303.0,98.1,987.2546,0.1
2025-08-05 06:00:00,14.99,0.0,243.3,97.7,987.707,0.0
2025-08-05 07:00:00,15.1,0.108,276.4,97.6,988.6136,0.0
2025-08-05 08:00:00,15.48,0.0,17.65,96.8,989.1361,0.0
2025-08-05 09:00:00,16.32,0.012,322.8,92.3,989.4265,0.0
2025-08-05 10:00:00,17.14,0.874,278.5,88.4,989.0532,0.0
2025-08-05 11:00:00,18.06,1.343,319.4,85.3,988.8276,0.0
2025-08-05 12:00:00,19.18,1.182,329.9,82.4,988.0881,0.0
2025-08-05 13:00:00,18.82,1.285,318.8,82.8,987.6347,0.0
2025-08-05 14:00:00,18.5,2.204,277.9,83.5,986.8502,0.0
2025-08-05 15:00:00,18.66,0.826,310.1,83.3,986.0646,0.0
2025-08-05 16:00:00,19.6,1.458,296.2,79.98,985.8563,0.0
2025-08-05 17:00:00,18.51,1.313,324.8,82.9,985.9134,0.0
2025-08-05 18:00:00,16.5,0.765,284.0,89.3,986.5204,0.0
2025-08-05 19:00:00,15.36,0.139,311.9,93.4,986.8909,0.0
2025-08-05 20:00:00,14.14,0.0,343.7,94.2,987.2616,0.0
2025-08-05 21:00:00,14.07,0.0,14.1,96.1,987.722,0.0
2025-08-05 22:00:00,15.28,0.0,296.7,95.4,988.2844,0.0
2025-08-05 23:00:00,15.43,0.0,4.734,94.7,988.8417,0.0
2025-08-06 00:00:00,15.4,0.143,286.4,94.8,988.8257,0.0
2025-08-06 01:00:00,15.37,0.0,275.2,95.0,988.4125,0.0
2025-08-06 02:00:00,15.46,0.64,39.53,92.8,987.9753,0.0
2025-08-06 03:00:00,15.4,0.589,139.7,93.0,987.678,0.0
2025-08-06 04:00:00,15.55,0.001,46.68,92.7,987.5817,0.0
2025-08-06 05:00:00,15.44,0.332,101.4,92.7,987.9865,0.0
2025-08-06 06:00:00,15.28,1.07,115.2,92.0,988.5409,0.0
2025-08-06 07:00:00,15.45,0.717,133.7,92.1,989.17,0.0
2025-08-06 08:00:00,16.18,0.715,93.3,90.1,989.727,0.0
2025-08-06 09:00:00,17.14,0.973,295.0,87.5,990.1483,0.0
2025-08-06 10:00:00,17.66,1.798,299.6,85.9,990.2537,0.0
2025-08-06 11:00:00,18.55,1.583,313.0,83.4,989.8285,0.0
2025-08-06 12:00:00,19.55,1.971,284.4,79.72,988.9123,0.0
2025-08-06 13:00:00,20.4,2.166,305.3,76.0,988.1573,0.0
2025-08-06 14:00:00,20.41,2.065,292.1,75.19,987.6182,0.0
2025-08-06 15:00:00,20.08,1.619,309.2,76.55,987.1044,0.0
2025-08-06 16:00:00,19.6,1.569,293.5,77.63,986.8229,0.0
2025-08-06 17:00:00,17.99,1.325,297.4,81.9,987.0255,0.0
2025-08-06 18:00:00,15.99,0.466,316.5,88.8,987.6483,0.0
2025-08-06 19:00:00,15.31,0.046,344.2,92.0,987.9982,0.0
2025-08-06 20:00:00,15.12,0.006,313.7,92.4,988.5729,0.0
2025-08-06 21:00:00,15.57,0.212,297.3,92.3,989.1865,0.0
2025-08-06 22:00:00,15.67,0.009,293.8,92.0,989.5439,0.0
2025-08-06 23:00:00,15.63,0.064,265.6,91.9,989.3347,0.0
2025-08-07 00:00:00,15.31,0.0,321.3,93.1,989.0971,0.0
2025-08-07 01:00:00,15.56,0.294,85.4,92.8,988.5475,0.0
2025-08-07 02:00:00,15.4,0.0,278.1,91.1,987.7355,0.0
2025-08-07 03:00:00,15.29,0.267,255.0,94.0,987.752,0.0
2025-08-07 04:00:00,15.2,0.327,267.9,94.3,987.3179,0.0
2025-08-07 05:00:00,15.27,0.0,192.4,93.8,987.1658,0.0
2025-08-07 06:00:00,15.32,0.096,225.8,94.0,987.1344,0.0
2025-08-07 07:00:00,14.9,0.829,303.3,96.6,987.7617,0.0
2025-08-07 08:00:00,14.74,0.502,304.3,97.8,988.6274,0.0
2025-08-07 09:00:00,15.21,0.148,316.1,97.1,989.112,0.0
2025-08-07 10:00:00,15.8,1.018,298.2,92.8,989.4156,0.0
2025-08-07 11:00:00,17.0,0.605,335.2,89.1,988.9224,0.0
2025-08-07 12:00:00,18.36,1.699,306.9,83.6,988.1793,0.0
2025-08-07 13:00:00,20.77,1.653,346.1,75.21,987.4584,0.0
2025-08-07 14:00:00,20.4,2.691,259.0,74.24,986.9637,0.0
2025-08-07 15:00:00,17.01,2.243,276.9,85.7,987.004,0.0
2025-08-07 16:00:00,16.69,1.203,298.3,87.2,986.8842,0.0
2025-08-07 17:00:00,16.52,1.492,277.0,88.9,986.8781,0.0
2025-08-07 18:00:00,15.68,1.033,269.2,93.2,987.3849,0.0
2025-08-07 19:00:00,15.36,0.705,304.8,94.8,987.9582,0.0
2025-08-07 20:00:00,15.28,0.096,297.9,95.1,988.2402,0.0
2025-08-07 21:00:00,15.25,1.298,295.7,95.4,988.5457,0.0
2025-08-07 22:00:00,15.16,0.61,266.1,96.3,988.8565,0.0
2025-08-07 23:00:00,15.21,0.352,238.6,96.0,988.8427,0.0
2025-08-08 00:00:00,15.03,0.516,272.2,97.0,988.5203,0.0
2025-08-08 01:00:00,14.82,0.978,273.4,97.6,987.9146,0.0
2025-08-08 02:00:00,14.66,0.559,268.8,98.1,987.5843,0.1
2025-08-08 03:00:00,14.61,0.216,309.7,98.2,987.2136,0.1
2025-08-08 04:00:00,14.5,0.873,297.8,98.2,986.809,0.0
2025-08-08 05:00:00,14.49,0.225,280.3,98.2,986.8921,0.1
2025-08-08 06:00:00,14.47,0.324,279.6,98.2,987.1817,0.1
2025-08-08 07:00:00,14.56,0.042,289.9,98.1,987.4102,0.0
2025-08-08 08:00:00,14.68,1.137,300.2,97.8,988.1385,0.0
2025-08-08 09:00:00,15.24,0.265,189.9,96.8,988.687,0.0
2025-08-08 10:00:00,15.93,1.092,291.6,93.8,988.7173,0.0
2025-08-08 11:00:00,16.54,0.247,290.8,91.1,987.9276,0.0
2025-08-08 12:00:00,17.13,1.058,302.4,89.8,987.2385,0.0
2025-08-08 13:00:00,17.34,1.773,259.8,88.1,986.8105,0.0
2025-08-08 14:00:00,17.04,2.044,252.9,87.5,986.2802,0.0
2025-08-08 15:00:00,17.13,1.169,309.1,87.7,985.5563,0.0
2025-08-08 16:00:00,16.57,1.688,281.5,89.3,985.3896,0.0
2025-08-08 17:00:00,16.4,0.413,294.2,90.5,985.4282,0.0
2025-08-08 18:00:00,16.24,0.214,341.2,90.5,985.4233,0.0
2025-08-08 19:00:00,15.9,0.982,60.42,90.6,985.9061,0.0
2025-08-08 20:00:00,15.56,1.331,114.2,91.7,986.3992,0.0
2025-08-08 21:00:00,15.64,1.384,89.4,91.1,986.4913,0.0
2025-08-08 22:00:00,15.32,1.023,132.2,92.1,986.5892,0.0
2025-08-08 23:00:00,14.9,0.0,274.8,94.4,986.6418,0.0
2025-08-09 00:00:00,15.25,0.21,290.1,93.1,986.9152,0.0
2025-08-09 01:00:00,14.62,0.744,235.7,96.0,987.0347,0.0
2025-08-09 02:00:00,14.62,0.004,10.47,97.1,986.8284,0.0
2025-08-09 03:00:00,14.76,0.218,268.4,96.6,986.7743,0.0
2025-08-09 04:00:00,14.66,0.006,249.0,96.3,986.8942,0.0
2025-08-09 05:00:00,14.38,0.049,208.8,96.5,987.236,0.0
2025-08-09 06:00:00,14.43,0.173,268.1,96.8,987.3618,0.0
2025-08-09 07:00:00,14.45,0.824,213.4,95.4,988.0155,0.0
2025-08-09 08:00:00,14.89,1.156,69.31,93.2,988.2778,0.0
2025-08-09 09:00:00,16.29,0.0,353.0,86.6,988.6723,0.0
2025-08-09 10:00:00,16.61,0.899,293.7,86.1,988.8058,0.0
2025-08-09 11:00:00,17.62,1.036,334.9,84.8,988.418,0.0
2025-08-09 12:00:00,17.44,1.68,234.2,85.0,987.7496,0.0
2025-08-09 13:00:00,18.67,1.202,260.0,80.2,987.038,0.0
2025-08-09 14:00:00,18.45,1.831,301.5,80.4,986.3573,0.0
2025-08-09 15:00:00,18.8,1.153,245.6,78.61,985.5845,0.0
2025-08-09 16:00:00,18.86,1.269,332.8,78.22,985.2524,0.0
2025-08-09 17:00:00,18.08,0.446,296.3,80.5,985.459,0.0
2025-08-09 18:00:00,15.96,0.069,351.9,87.2,985.8223,0.0
2025-08-09 19:00:00,14.77,0.077,50.12,91.3,986.1204,0.0
2025-08-09 20:00:00,13.92,0.0,278.9,93.6,986.9315,0.0
2025-08-09 21:00:00,15.09,1.2,136.9,90.5,987.3703,0.0
2025-08-09 22:00:00,14.74,0.401,94.0,91.3,987.3226,0.0
2025-08-09 23:00:00,12.45,0.0,79.66,93.9,987.2372,0.0
2025-08-10 00:00:00,14.49,0.079,72.77,94.2,987.2148,0.0
2025-08-10 01:00:00,14.63,0.664,52.14,92.5,986.6922,0.0
2025-08-10 02:00:00,14.76,0.576,60.68,92.3,986.5576,0.0
2025-08-10 03:00:00,14.82,1.299,67.39,91.6,986.3172,0.0
2025-08-10 04:00:00,14.75,0.313,82.9,91.4,986.2014,0.0
2025-08-10 05:00:00,14.73,0.244,111.4,91.2,986.5399,0.0
2025-08-10 06:00:00,14.7,0.17,85.0,91.2,986.981,0.0
2025-08-10 07:00:00,14.85,0.308,43.98,90.3,987.2516,0.0
2025-08-10 08:00:00,15.27,0.0,311.7,88.4,987.6163,0.0
2025-08-10 09:00:00,15.14,0.897,271.1,90.2,987.9822,0.0
2025-08-10 10:00:00,15.86,0.711,299.1,87.5,987.7247,0.0
2025-08-10 11:00:00,17.51,1.079,320.3,80.9,987.5213,0.0
2025-08-10 12:00:00,19.42,0.703,269.3,74.65,986.9152,0.0
2025-08-10 13:00:00,20.75,1.036,264.8,72.14,985.7961,0.0
2025-08-10 14:00:00,21.44,1.438,325.7,69.0,985.0972,0.0
2025-08-10 15:00:00,19.16,1.097,279.5,75.89,984.5361,0.0
2025-08-10 16:00:00,19.69,1.6,268.0,74.81,984.2553,0.0
2025-08-10 17:00:00,18.32,0.934,343.3,79.81,984.1642,0.0
2025-08-10 18:00:00,16.25,0.798,352.3,86.8,984.6727,0.0
2025-08-10 19:00:00,15.1,0.009,108.4,89.7,984.9911,0.0
2025-08-10 20:00:00,15.82,0.533,79.66,89.4,985.55,0.0
2025-08-10 21:00:00,15.69,1.377,105.4,89.4,985.7738,0.0
2025-08-10 22:00:00,15.61,1.385,110.8,89.3,985.6112,0.0
2025-08-10 23:00:00,15.56,0.478,67.31,89.3,985.5341,0.0
2025-08-11 00:00:00,15.32,1.074,66.56,90.4,985.4288,0.0
2025-08-11 01:00:00,15.36,0.067,330.5,90.3,984.9825,0.0
2025-08-11 02:00:00,14.92,0.904,293.6,92.0,984.4622,0.0
2025-08-11 03:00:00,14.58,0.21,304.4,93.3,984.5917,0.0
2025-08-11 04:00:00,14.3,0.444,257.5,94.4,984.434,0.0
2025-08-11 05:00:00,14.24,0.484,238.4,94.7,984.437,0.0
2025-08-11 06:00:00,14.37,0.157,314.6,94.5,984.7147,0.0
2025-08-11 07:00:00,14.42,0.008,306.4,94.5,985.3278,0.0
2025-08-11 08:00:00,14.75,0.19,216.0,93.4,985.9271,0.0
2025-08-11 09:00:00,15.3,0.652,256.3,90.8,986.6525,0.0
2025-08-11 10:00:00,15.87,1.005,330.0,87.0,987.0566,0.0
2025-08-11 11:00:00,17.13,0.744,333.9,82.6,986.942,0.0
2025-08-11 12:00:00,17.99,1.487,265.9,78.46,986.3647,0.0
2025-08-11 13:00:00,19.81,1.383,253.3,72.97,985.8075,0.0
2025-08-11 14:00:00,20.12,1.829,269.0,72.08,985.1805,0.0
2025-08-11 15:00:00,19.89,1.933,292.1,72.76,984.5115,0.0
2025-08-11 16:00:00,18.22,2.157,319.8,78.11,984.5753,0.0
2025-08-11 17:00:00,17.24,1.347,292.2,82.3,984.7316,0.0
2025-08-11 18:00:00,16.06,1.269,259.3,86.8,984.762,0.0
2025-08-11 19:00:00,15.91,1.28,276.8,86.6,985.0955,0.0
2025-08-11 20:00:00,15.5,1.147,267.0,87.9,985.8546,0.0
2025-08-11 21:00:00,15.32,0.409,278.7,88.3,986.0446,0.0
2025-08-11 22:00:00,15.29,0.74,260.7,88.2,986.3547,0.0
2025-08-11 23:00:00,15.21,0.587,285.5,89.0,986.2843,0.0
2025-08-12 00:00:00,15.05,0.238,300.0,91.0,986.295,0.0
2025-08-12 01:00:00,14.91,0.612,275.4,91.7,985.4611,0.0
2025-08-12 02:00:00,14.84,0.345,263.7,92.9,984.8075,0.0
2025-08-12 03:00:00,14.69,0.106,261.7,94.4,984.5129,0.0
2025-08-12 04:00:00,14.7,0.798,240.0,95.1,984.3687,0.0
2025-08-12 05:00:00,14.62,0.008,273.3,95.9,984.5212,0.0
2025-08-12 06:00:00,14.63,0.584,295.8,95.9,984.9732,0.0
2025-08-12 07:00:00,14.59,0.508,290.8,95.8,985.2137,0.0
2025-08-12 08:00:00,15.01,0.371,310.7,93.9,986.0291,0.0
2025-08-12 09:00:00,15.93,0.474,310.3,90.3,986.2724,0.0
2025-08-12 10:00:00,16.08,1.562,278.8,89.2,986.6792,0.0
2025-08-12 11:00:00,16.9,1.148,327.8,85.9,986.675,0.0
2025-08-12 12:00:00,17.16,1.366,271.2,83.7,986.3268,0.0
2025-08-12 13:00:00,17.68,1.347,207.5,80.4,985.6888,0.0
2025-08-12 14:00:00,17.69,1.884,278.2,77.41,985.2275,0.0
2025-08-12 15:00:00,18.1,1.714,240.7,75.8,984.5821,0.0
2025-08-12 16:00:00,17.64,1.296,236.7,76.57,984.4868,0.0
2025-08-12 17:00:00,16.98,1.56,262.3,78.49,984.7552,0.0
2025-08-12 18:00:00,15.6,0.651,290.9,83.9,985.0559,0.0
2025-08-12 19:00:00,15.02,0.621,266.1,87.5,985.5067,0.0
2025-08-12 20:00:00,15.39,0.588,275.0,86.8,985.986,0.0
2025-08-12 21:00:00,15.61,0.763,283.3,86.0,986.5476,0.0
2025-08-12 22:00:00,15.63,0.124,264.8,85.2,986.5743,0.0
2025-08-12 23:00:00,15.68,0.519,268.0,85.5,986.981,0.0
2025-08-13 00:00:00,15.7,0.567,342.0,85.3,986.8526,0.0
2025-08-13 01:00:00,15.71,0.326,285.5,85.7,986.5026,0.0
2025-08-13 02:00:00,15.52,0.101,274.0,86.9,986.4451,0.0
2025-08-13 03:00:00,15.41,0.252,258.4,87.8,986.166,0.0
2025-08-13 04:00:00,15.22,0.791,297.8,89.2,986.0808,0.0
2025-08-13 05:00:00,15.12,0.571,259.4,90.0,985.8164,0.0
2025-08-13 06:00:00,15.05,0.629,256.1,90.5,986.1346,0.0
2025-08-13 07:00:00,15.05,0.26,293.7,91.0,986.8401,0.0
2025-08-13 08:00:00,15.4,0.27,291.1,90.4,987.553,0.0
2025-08-13 09:00:00,15.85,0.036,268.6,89.7,987.6825,0.0
2025-08-13 10:00:00,16.64,0.518,351.3,86.3,987.2566,0.0
2025-08-13 11:00:00,18.98,1.672,283.2,79.02,987.0389,0.0
2025-08-13 12:00:00,19.27,2.631,271.5,77.17,986.7794,0.0
2025-08-13 13:00:00,20.42,1.963,312.7,72.52,985.9504,0.0
2025-08-13 14:00:00,20.12,2.089,321.0,72.69,985.3476,0.0
2025-08-13 15:00:00,20.12,1.851,248.8,71.85,985.0795,0.0
2025-08-13 16:00:00,19.64,1.342,271.8,72.64,984.6481,0.0
2025-08-13 17:00:00,18.93,1.243,300.8,74.9,984.7857,0.0
2025-08-13 18:00:00,16.54,1.441,318.9,83.4,985.26,0.0
2025-08-13 19:00:00,15.33,0.141,345.3,89.8,986.0611,0.0
2025-08-13 20:00:00,15.4,0.006,351.3,90.9,986.8212,0.0
2025-08-13 21:00:00,14.34,0.0,331.4,90.5,987.1269,0.0
2025-08-13 22:00:00,13.33,0.0,331.3,92.7,987.5639,0.0
2025-08-13 23:00:00,15.61,0.011,248.0,90.7,987.7454,0.0
2025-08-14 00:00:00,15.98,0.333,99.7,88.4,987.625,0.0
2025-08-14 01:00:00,16.12,0.473,94.2,87.9,986.9393,0.0
2025-08-14 02:00:00,15.91,0.451,118.7,88.7,986.4943,0.0
2025-08-14 03:00:00,15.83,0.047,285.7,89.1,986.1827,0.0
2025-08-14 04:00:00,15.66,0.674,276.3,89.7,986.3221,0.0
2025-08-14 05:00:00,15.53,0.213,280.7,90.2,986.4438,0.0
2025-08-14 06:00:00,15.26,0.113,289.8,91.4,987.1199,0.0
2025-08-14 07:00:00,15.48,0.302,63.57,89.8,987.8079,0.0
2025-08-14 08:00:00,15.74,0.072,288.2,89.9,988.3643,0.0
2025-08-14 09:00:00,15.89,0.423,274.5,89.3,988.7299,0.0
2025-08-14 10:00:00,16.48,0.785,269.4,87.4,989.017,0.0
2025-08-14 11:00:00,16.88,0.774,273.0,85.7,988.5739,0.0
2025-08-14 12:00:00,17.92,0.969,267.3,82.3,988.1263,0.0
2025-08-14 13:00:00,19.22,1.432,330.7,77.87,987.3041,0.0
2025-08-14 14:00:00,19.95,1.19,315.9,75.01,986.4717,0.0
2025-08-14 15:00:00,20.63,1.62,277.0,72.27,985.7571,0.0
2025-08-14 16:00:00,19.66,1.712,317.7,74.23,985.611,0.0
2025-08-14 17:00:00,18.35,0.913,276.6,79.89,985.8193,0.0
2025-08-14 18:00:00,16.3,0.325,301.0,87.9,986.2565,0.0
2025-08-14 19:00:00,14.56,0.024,332.7,91.5,986.7822,0.0
2025-08-14 20:00:00,12.76,0.0,31.35,92.9,987.071,0.0
2025-08-14 21:00:00,13.26,0.001,17.4,95.3,987.8279,0.0
2025-08-14 22:00:00,14.01,0.583,80.3,95.8,988.0362,0.0
2025-08-14 23:00:00,15.64,0.202,137.3,89.3,988.2567,0.0
2025-08-15 00:00:00,15.63,1.417,76.04,89.4,988.2229,0.0
2025-08-15 01:00:00,15.55,0.295,73.8,89.6,987.6617,0.0
2025-08-15 02:00:00,15.37,1.175,53.95,89.4,987.0117,0.0
2025-08-15 03:00:00,15.37,0.814,114.5,89.3,986.7325,0.0
2025-08-15 04:00:00,15.32,0.62,116.7,89.2,986.731,0.0
2025-08-15 05:00:00,15.45,0.0,88.7,88.9,986.8399,0.0
2025-08-15 06:00:00,15.18,0.567,286.1,91.5,987.3261,0.0
2025-08-15 07:00:00,15.26,0.646,255.0,91.5,987.7651,0.0
2025-08-15 08:00:00,15.29,0.768,257.8,92.0,988.4433,0.0
2025-08-15 09:00:00,15.53,0.998,273.7,90.7,988.8022,0.0
2025-08-15 10:00:00,16.18,0.385,271.5,87.8,988.9324,0.0
2025-08-15 11:00:00,16.84,0.49,266.8,85.6,988.6841,0.0
2025-08-15 12:00:00,18.28,0.307,331.6,80.3,988.0151,0.0
2025-08-15 13:00:00,18.48,2.16,291.6,78.3,987.3256,0.0
2025-08-15 14:00:00,19.14,1.703,277.3,74.61,987.0468,0.0
2025-08-15 15:00:00,19.8,1.657,291.1,70.5,986.5274,0.0
2025-08-15 16:00:00,18.95,2.309,275.5,71.31,986.5078,0.0
2025-08-15 17:00:00,17.57,1.823,275.9,75.51,986.905,0.0
2025-08-15 18:00:00,15.86,0.706,234.4,81.3,987.3271,0.0
2025-08-15 19:00:00,14.38,0.0,341.7,86.7,987.6403,0.0
2025-08-15 20:00:00,14.92,0.096,249.3,87.7,988.2665,0.0
2025-08-15 21:00:00,15.6,0.724,265.7,84.3,988.868,0.0
2025-08-15 22:00:00,15.61,0.078,270.1,84.7,988.7905,0.0
2025-08-15 23:00:00,15.65,0.126,254.8,84.5,988.6663,0.0
2025-08-16 00:00:00,15.72,0.007,17.28,84.2,988.2722,0.0
2025-08-16 01:00:00,15.58,0.008,329.1,85.1,987.6509,0.0
2025-08-16 02:00:00,15.41,0.013,257.0,85.5,987.0731,0.0
2025-08-16 03:00:00,15.33,0.736,275.2,85.7,986.8873,0.0
2025-08-16 04:00:00,15.02,0.039,274.0,87.1,986.749,0.0
2025-08-16 05:00:00,15.07,0.578,283.1,87.2,986.962,0.0
2025-08-16 06:00:00,15.07,0.0,264.1,87.3,987.3455,0.0
2025-08-16 07:00:00,15.21,0.29,307.4,87.5,987.8584,0.0
2025-08-16 08:00:00,15.76,0.874,281.1,85.2,988.5046,0.0
2025-08-16 09:00:00,16.29,0.246,300.8,83.0,988.891,0.0
2025-08-16 10:00:00,17.34,1.602,258.8,79.2,988.9725,0.0
2025-08-16 11:00:00,19.34,1.105,275.4,73.49,988.739,0.0
2025-08-16 12:00:00,20.05,2.023,268.9,70.17,988.3867,0.0
2025-08-16 13:00:00,20.75,1.864,257.3,67.87,987.8837,0.0
2025-08-16 14:00:00,20.72,2.213,311.9,67.25,986.9241,0.0
2025-08-16 15:00:00,20.11,1.994,271.6,67.64,986.5838,0.0
2025-08-16 16:00:00,19.11,2.452,281.0,69.76,986.2095,0.0
2025-08-16 17:00:00,18.13,1.473,253.8,72.25,986.412,0.0
2025-08-16 18:00:00,16.22,0.586,277.8,78.2,986.9589,0.0
2025-08-16 19:00:00,14.95,0.0,340.7,83.0,987.478,0.0
2025-08-16 20:00:00,12.88,0.0,350.3,88.3,987.7793,0.0
2025-08-16 21:00:00,11.87,0.0,3.407,89.6,988.1563,0.0
2025-08-16 22:00:00,11.48,0.0,348.3,92.9,988.2744,0.0
2025-08-16 23:00:00,12.02,0.0,79.37,94.4,988.1531,0.0
2025-08-17 00:00:00,12.12,0.0,70.77,92.4,987.9584,0.0
2025-08-17 01:00:00,11.38,0.0,70.43,94.3,987.629,0.0
2025-08-17 02:00:00,12.08,0.0,70.76,95.4,987.3632,0.0
2025-08-17 03:00:00,12.8,0.0,69.5,95.4,987.4196,0.0
2025-08-17 04:00:00,14.59,0.073,136.5,90.3,987.6638,0.0
2025-08-17 05:00:00,14.23,0.0,81.9,91.9,988.1914,0.0
2025-08-17 06:00:00,14.89,0.0,0.164,90.7,988.2327,0.0
2025-08-17 07:00:00,15.3,0.0,265.3,88.9,988.6008,0.0
2025-08-17 08:00:00,15.79,0.008,331.4,86.0,988.6288,0.0
2025-08-17 09:00:00,16.59,0.935,89.8,83.4,988.5406,0.0
2025-08-17 10:00:00,17.08,0.813,324.8,82.9,988.4866,0.0
2025-08-17 11:00:00,20.04,0.297,7.875,74.14,987.5167,0.0
2025-08-17 12:00:00,21.2,2.08,291.8,69.29,986.7487,0.0
2025-08-17 13:00:00,22.1,1.704,283.1,66.25,986.2767,0.0
2025-08-17 14:00:00,21.07,2.884,247.0,67.94,985.9223,0.0
2025-08-17 15:00:00,20.59,2.759,272.8,69.09,985.1378,0.0
2025-08-17 16:00:00,20.2,1.804,265.0,71.05,984.9656,0.0
2025-08-17 17:00:00,18.82,1.381,276.5,75.43,985.2039,0.0
2025-08-17 18:00:00,17.1,0.844,164.5,81.2,985.6867,0.0
2025-08-17 19:00:00,16.28,1.054,76.66,84.2,986.0215,0.0
2025-08-17 20:00:00,15.95,1.531,91.1,85.7,986.4487,0.0
2025-08-17 21:00:00,15.86,1.351,89.5,86.1,986.6846,0.0
2025-08-17 22:00:00,15.06,0.174,81.1,88.0,986.6379,0.0
2025-08-17 23:00:00,12.44,0.0,26.72,92.4,986.4671,0.0
2025-08-18 00:00:00,11.76,0.009,80.1,95.1,986.1948,0.0
2025-08-18 01:00:00,12.7,0.0,122.2,96.6,986.1688,0.0
2025-08-18 02:00:00,14.6,0.0,159.3,93.8,986.2968,0.0
2025-08-18 03:00:00,14.83,0.018,176.7,91.4,986.4326,0.0
2025-08-18 04:00:00,15.01,0.04,227.8,90.3,986.314,0.0
2025-08-18 05:00:00,14.83,0.0,320.2,92.1,986.889,0.0
2025-08-18 06:00:00,15.15,0.349,95.0,88.7,987.3638,0.0
2025-08-18 07:00:00,15.17,0.826,288.7,90.4,987.9312,0.0
2025-08-18 08:00:00,15.54,0.831,324.8,89.4,988.5496,0.0
2025-08-18 09:00:00,16.29,0.836,251.4,86.3,989.1568,0.0
2025-08-18 10:00:00,17.06,1.557,303.0,83.1,989.0648,0.0
2025-08-18 11:00:00,18.13,1.429,263.6,79.41,988.6224,0.0
2025-08-18 12:00:00,20.0,1.529,266.0,73.95,987.6448,0.0
2025-08-18 13:00:00,19.86,2.18,332.2,71.06,987.2118,0.0
2025-08-18 14:00:00,20.42,2.476,257.6,69.19,986.4388,0.0
2025-08-18 15:00:00,20.36,1.893,259.1,69.59,985.9545,0.0
2025-08-18 16:00:00,19.53,2.407,285.9,71.87,985.8949,0.0
2025-08-18 17:00:00,17.9,2.41,74.94,76.92,986.2631,0.0
2025-08-18 18:00:00,16.45,1.527,186.7,81.7,986.7231,0.0
2025-08-18 19:00:00,15.85,1.755,138.5,84.4,987.4095,0.0
2025-08-18 20:00:00,15.63,1.514,85.4,85.3,987.7345,0.0
2025-08-18 21:00:00,15.6,1.732,141.2,85.7,988.1356,0.0
2025-08-18 22:00:00,15.53,0.662,123.3,85.9,988.2567,0.0
2025-08-18 23:00:00,15.48,1.703,69.85,86.2,987.8038,0.0
2025-08-19 00:00:00,15.3,1.153,94.1,86.7,987.0541,0.0
2025-08-19 01:00:00,15.11,1.132,96.3,87.0,986.1663,0.0
2025-08-19 02:00:00,15.09,0.534,127.4,87.3,985.2411,0.0
2025-08-19 03:00:00,15.23,0.127,113.2,86.5,984.8694,0.0
2025-08-19 04:00:00,15.02,0.645,105.6,86.7,984.6353,0.0
2025-08-19 05:00:00,13.09,0.0,118.9,89.3,984.7206,0.0
2025-08-19 06:00:00,11.18,0.0,329.4,92.6,985.0642,0.0
2025-08-19 07:00:00,11.51,0.0,337.5,95.8,986.1138,0.0
2025-08-19 08:00:00,14.89,0.157,320.6,88.8,987.0577,0.0
2025-08-19 09:00:00,17.2,0.688,239.4,81.0,987.6553,0.0
2025-08-19 10:00:00,18.8,1.664,298.7,74.71,987.9247,0.0
2025-08-19 11:00:00,19.19,2.791,275.1,73.44,987.4262,0.0
2025-08-19 12:00:00,19.69,2.073,306.7,70.34,986.7525,0.0
2025-08-19 13:00:00,20.61,2.851,266.2,67.39,985.9139,0.0
2025-08-19 14:00:00,19.69,2.17,352.0,71.32,985.4068,0.0
2025-08-19 15:00:00,20.05,1.977,323.7,70.46,984.6893,0.0
2025-08-19 16:00:00,19.49,1.254,313.1,72.05,984.4459,0.0
2025-08-19 17:00:00,18.18,1.65,289.3,75.6,984.9141,0.0
2025-08-19 18:00:00,16.04,0.404,288.9,83.4,985.6735,0.0
2025-08-19 19:00:00,15.03,0.009,308.3,87.1,986.1457,0.0
2025-08-19 20:00:00,14.65,0.014,334.5,89.6,986.9594,0.0
2025-08-19 21:00:00,14.98,0.0,309.0,87.6,987.4034,0.0
2025-08-19 22:00:00,15.27,0.138,273.3,88.1,987.6283,0.0
2025-08-19 23:00:00,15.67,0.0,265.9,86.3,987.5127,0.0
2025-08-20 00:00:00,15.61,0.561,251.7,87.0,987.0966,0.0
2025-08-20 01:00:00,15.52,0.0,272.4,87.1,986.2961,0.0
2025-08-20 02:00:00,15.47,0.695,275.5,87.7,985.733,0.0
2025-08-20 03:00:00,15.19,0.707,263.3,89.0,985.6911,0.0
2025-08-20 04:00:00,15.07,0.312,252.8,89.6,985.4481,0.0
2025-08-20 05:00:00,15.04,0.744,308.8,90.0,985.5016,0.0
2025-08-20 06:00:00,14.84,0.618,238.7,90.5,986.0089,0.0
2025-08-20 07:00:00,14.84,0.106,299.4,90.5,986.392,0.0
2025-08-20 08:00:00,15.56,0.169,293.6,88.2,986.787,0.0
2025-08-20 09:00:00,16.17,0.718,252.3,84.9,987.2468,0.0
2025-08-20 10:00:00,17.42,0.779,250.7,80.6,987.2243,0.0
2025-08-20 11:00:00,19.36,1.73,302.6,73.75,986.47,0.0
2025-08-20 12:00:00,20.22,1.554,279.2,69.81,985.5845,0.0
2025-08-20 13:00:00,20.82,2.538,264.3,67.54,984.9926,0.0
2025-08-20 14:00:00,20.84,1.553,287.6,69.08,984.0668,0.0
2025-08-20 15:00:00,20.71,2.141,271.5,68.82,983.7153,0.0
2025-08-20 16:00:00,19.42,1.931,291.9,72.32,983.5844,0.0
2025-08-20 17:00:00,18.07,1.735,255.3,76.21,983.6848,0.0
2025-08-20 18:00:00,16.35,1.139,267.4,84.0,984.4696,0.0
2025-08-20 19:00:00,15.74,0.48,300.9,86.8,985.4261,0.0
2025-08-20 20:00:00,16.07,1.068,302.0,85.7,985.8386,0.0
2025-08-20 21:00:00,16.03,0.884,269.5,86.1,986.3154,0.0
2025-08-20 22:00:00,16.2,0.111,284.4,85.6,986.3479,0.0
2025-08-20 23:00:00,16.05,0.692,281.2,85.8,986.5506,0.0
2025-08-21 00:00:00,15.96,0.379,269.5,86.0,986.2858,0.0
2025-08-21 01:00:00,15.79,0.81,286.9,87.1,985.9449,0.0
2025-08-21 02:00:00,15.35,1.151,272.7,89.3,985.6553,0.0
2025-08-21 03:00:00,15.04,0.678,280.5,91.7,985.4424,0.0
2025-08-21 04:00:00,14.91,0.558,284.3,92.9,985.4592,0.0
2025-08-21 05:00:00,14.63,0.926,278.6,94.7,985.8486,0.0
2025-08-21 06:00:00,14.49,0.147,279.0,94.8,986.1205,0.0
2025-08-21 07:00:00,14.44,0.745,250.9,94.2,986.677,0.0
2025-08-21 08:00:00,14.61,0.731,267.0,94.2,987.2784,0.0
2025-08-21 09:00:00,15.22,0.676,280.3,90.3,987.8525,0.0
2025-08-21 10:00:00,15.54,1.216,260.4,89.9,988.1022,0.0
2025-08-21 11:00:00,16.54,0.836,314.3,84.8,987.4021,0.0
2025-08-21 12:00:00,17.2,1.433,257.1,81.9,986.4786,0.0
2025-08-21 13:00:00,16.72,1.792,249.1,82.5,986.1997,0.0
2025-08-21 14:00:00,17.14,1.272,261.0,82.3,985.5818,0.0
2025-08-21 15:00:00,17.23,1.638,259.0,80.9,984.7953,0.0
2025-08-21 16:00:00,16.69,2.043,287.5,84.8,984.6345,0.0
2025-08-21 17:00:00,15.71,1.519,266.5,88.9,985.053,0.0
2025-08-21 18:00:00,15.39,0.715,258.5,90.5,985.3289,0.0
2025-08-21 19:00:00,15.42,1.555,283.1,90.1,985.5786,0.0
2025-08-21 20:00:00,15.41,1.309,287.7,90.4,986.3045,0.0
2025-08-21 21:00:00,15.67,0.131,130.7,89.3,986.4774,0.0
2025-08-21 22:00:00,15.56,0.667,278.7,88.9,986.7113,0.0
2025-08-21 23:00:00,15.49,0.11,327.9,88.4,986.7789,0.0
2025-08-22 00:00:00,15.09,0.819,267.2,89.4,986.8093,0.0
2025-08-22 01:00:00,15.04,1.14,246.2,89.3,986.9258,0.0
2025-08-22 02:00:00,14.87,0.736,239.3,90.4,987.0451,0.0
2025-08-22 03:00:00,14.54,1.205,265.0,92.5,986.8947,0.0
2025-08-22 04:00:00,14.19,1.308,251.8,92.8,986.6017,0.0
2025-08-22 05:00:00,14.39,0.312,288.3,91.1,987.0948,0.0
2025-08-22 06:00:00,14.2,0.474,327.0,93.4,987.8387,0.0
2025-08-22 07:00:00,14.47,0.084,15.43,92.7,988.5331,0.0
2025-08-22 08:00:00,15.26,0.3,285.8,88.6,989.2762,0.0
2025-08-22 09:00:00,16.01,0.142,223.4,85.9,989.9641,0.0
2025-08-22 10:00:00,16.53,0.111,63.91,83.6,990.0313,0.0
2025-08-22 11:00:00,16.81,1.128,221.2,84.6,989.6627,0.0
2025-08-22 12:00:00,16.37,1.593,276.0,86.2,989.1973,0.0
2025-08-22 13:00:00,17.07,1.828,271.9,82.5,988.4227,0.0
2025-08-22 14:00:00,16.72,1.574,201.5,83.3,987.8525,0.0
2025-08-22 15:00:00,15.85,1.979,189.0,86.3,987.3216,0.0
2025-08-22 16:00:00,15.84,1.467,223.7,86.0,986.9747,0.0
2025-08-22 17:00:00,15.42,1.654,258.8,87.3,987.1526,0.0
2025-08-22 18:00:00,15.12,1.076,236.0,87.6,987.347,0.0
2025-08-22 19:00:00,15.35,0.066,253.7,86.9,987.5224,0.0
2025-08-22 20:00:00,15.31,1.108,125.7,87.4,987.6546,0.0
2025-08-22 21:00:00,15.28,0.521,187.5,87.4,988.2015,0.0
2025-08-22 22:00:00,15.27,0.766,192.3,87.3,988.4393,0.0
2025-08-22 23:00:00,15.22,1.177,257.1,87.6,988.6523,0.0
2025-08-23 00:00:00,15.06,0.368,194.3,87.7,988.3592,0.0
2025-08-23 01:00:00,15.06,0.391,312.5,87.2,987.7604,0.0
2025-08-23 02:00:00,14.84,0.008,11.21,89.3,987.1799,0.0
2025-08-23 03:00:00,14.88,0.264,297.0,90.2,986.8129,0.0
2025-08-23 04:00:00,14.65,0.016,253.8,90.3,986.5405,0.0
2025-08-23 05:00:00,14.65,0.127,329.7,91.7,986.7159,0.0
2025-08-23 06:00:00,14.59,0.0,298.9,92.1,987.1996,0.0
2025-08-23 07:00:00,14.75,0.148,216.6,91.6,988.0139,0.0
2025-08-23 08:00:00,15.19,0.009,304.0,90.1,988.1602,0.0
2025-08-23 09:00:00,14.69,1.267,314.1,91.8,988.6852,0.0
2025-08-23 10:00:00,15.26,0.105,292.0,90.3,988.946,0.0
2025-08-23 11:00:00,16.91,0.489,348.2,82.5,988.5367,0.0
2025-08-23 12:00:00,17.68,1.893,259.9,80.5,988.0895,0.0
2025-08-23 13:00:00,17.69,1.953,293.6,80.8,987.7061,0.0
2025-08-23 14:00:00,17.0,1.306,246.3,82.3,987.1202,0.0
2025-08-23 15:00:00,16.26,1.747,213.1,84.6,986.4484,0.0
2025-08-23 16:00:00,15.94,1.141,249.4,85.0,986.2051,0.0
2025-08-23 17:00:00,15.69,0.554,239.3,85.1,986.2579,0.0
2025-08-23 18:00:00,15.21,0.705,272.1,86.3,986.5361,0.0
2025-08-23 19:00:00,15.34,0.558,251.4,86.5,986.6259,0.0
2025-08-23 20:00:00,15.16,1.213,171.3,86.4,987.1545,0.0
2025-08-23 21:00:00,15.31,0.232,107.0,86.1,987.2999,0.0
2025-08-23 22:00:00,15.37,0.032,60.2,85.9,987.7683,0.0
2025-08-23 23:00:00,15.32,0.099,286.0,86.7,987.359,0.0
2025-08-24 00:00:00,15.24,0.009,320.0,88.3,987.3489,0.0
2025-08-24 01:00:00,15.2,0.0,223.7,88.2,986.5754,0.0
2025-08-24 02:00:00,15.44,0.011,321.0,84.4,986.2153,0.0
2025-08-24 03:00:00,15.18,0.115,81.2,85.3,985.6277,0.0
2025-08-24 04:00:00,15.07,0.904,210.3,86.1,986.0027,0.0
2025-08-24 05:00:00,14.96,0.057,4.699,88.3,985.9318,0.0
2025-08-24 06:00:00,14.76,0.732,204.6,90.4,986.2004,0.0
2025-08-24 07:00:00,14.71,0.11,331.1,91.7,986.9204,0.0
2025-08-24 08:00:00,14.8,0.896,289.7,93.1,987.4878,0.0
2025-08-24 09:00:00,15.11,1.894,281.4,89.2,988.2518,0.0
2025-08-24 10:00:00,15.57,1.477,265.3,87.3,988.4779,0.0
2025-08-24 11:00:00,16.22,1.241,299.1,85.7,987.6633,0.0
2025-08-24 12:00:00,17.1,1.239,248.3,81.6,986.6329,0.0
2025-08-24 13:00:00,17.26,1.191,330.2,82.2,985.8163,0.0
2025-08-24 14:00:00,16.96,1.7,280.8,82.3,985.1869,0.0
2025-08-24 15:00:00,16.08,1.38,269.5,85.0,984.47,0.0
2025-08-24 16:00:00,15.57,1.356,208.6,87.3,984.3627,0.0
2025-08-24 17:00:00,15.76,0.032,206.3,85.8,984.5261,0.0
2025-08-24 18:00:00,15.35,0.352,177.9,87.1,984.6313,0.0
2025-08-24 19:00:00,15.38,1.156,124.4,86.5,984.7191,0.0
2025-08-24 20:00:00,15.05,0.052,251.6,88.6,985.2313,0.0
2025-08-24 21:00:00,15.02,0.237,181.7,88.4,985.5948,0.0
2025-08-24 22:00:00,15.05,0.259,283.6,88.2,985.9135,0.0
2025-08-24 23:00:00,14.62,0.345,264.8,90.7,986.608,0.0
2025-08-25 00:00:00,14.32,0.108,301.2,92.4,986.8708,0.0
2025-08-25 01:00:00,14.11,0.0,261.4,94.0,986.4921,0.0
2025-08-25 02:00:00,14.18,0.0,233.5,94.7,985.9763,0.0
2025-08-25 03:00:00,14.08,0.043,261.6,94.9,985.5959,0.1
2025-08-25 04:00:00,13.96,0.666,276.1,95.3,985.733,0.0
2025-08-25 05:00:00,13.71,0.248,258.4,95.8,986.0887,0.2
2025-08-25 06:00:00,13.55,0.267,307.1,96.1,986.3244,0.0
2025-08-25 07:00:00,13.57,0.015,278.6,96.0,986.9001,0.0
2025-08-25 08:00:00,13.9,0.468,277.4,95.7,987.1415,0.0
2025-08-25 09:00:00,14.35,0.623,272.5,92.7,987.5312,0.0
2025-08-25 10:00:00,15.0,0.827,277.6,89.7,987.9198,0.0
2025-08-25 11:00:00,15.84,0.844,270.6,86.7,987.71,0.0
2025-08-25 12:00:00,16.09,0.677,293.0,83.8,987.0548,0.0
2025-08-25 13:00:00,17.1,0.602,319.3,80.1,986.4089,0.0
2025-08-25 14:00:00,18.43,1.225,257.8,75.76,985.326,0.0
2025-08-25 15:00:00,18.78,1.911,297.5,74.27,984.6735,0.0
2025-08-25 16:00:00,18.8,1.564,278.4,73.95,984.4336,0.0
2025-08-25 17:00:00,18.36,1.422,330.2,74.74,984.507,0.0
2025-08-25 18:00:00,16.24,0.812,275.5,80.8,985.0471,0.0
2025-08-25 19:00:00,14.71,0.067,304.3,87.2,985.6057,0.0
2025-08-25 20:00:00,12.76,0.0,35.94,89.0,986.1565,0.0
2025-08-25 21:00:00,12.53,0.0,15.45,93.0,986.349,0.0
2025-08-25 22:00:00,13.81,0.0,79.58,93.5,986.5385,0.0
2025-08-25 23:00:00,14.73,0.927,116.5,90.2,986.5859,0.0
2025-08-26 00:00:00,14.74,0.717,47.83,89.7,986.5226,0.0
2025-08-26 01:00:00,14.63,0.905,61.7,90.2,985.962,0.0
2025-08-26 02:00:00,14.48,1.229,77.75,91.0,985.4491,0.0
2025-08-26 03:00:00,14.45,0.0,70.81,90.9,985.126,0.0
2025-08-26 04:00:00,14.33,0.988,74.99,91.1,985.0801,0.0
2025-08-26 05:00:00,14.41,0.447,82.2,90.9,985.3887,0.0
2025-08-26 06:00:00,14.14,0.625,282.8,92.4,985.9375,0.0
2025-08-26 07:00:00,14.06,0.116,282.6,93.5,986.4913,0.0
2025-08-26 08:00:00,14.51,0.411,263.9,91.7,986.8341,0.0
2025-08-26 09:00:00,15.4,1.425,271.4,88.2,987.1824,0.0
2025-08-26 10:00:00,15.6,1.266,252.0,87.6,987.4304,0.0
2025-08-26 11:00:00,16.5,1.524,261.8,84.8,986.798,0.0
2025-08-26 12:00:00,19.01,1.564,276.7,75.64,985.8236,0.0
2025-08-26 13:00:00,20.23,1.383,312.5,71.8,985.1014,0.0
2025-08-26 14:00:00,20.31,1.95,0.157,70.8,984.3666,0.0
2025-08-26 15:00:00,20.53,1.831,344.0,70.43,984.0378,0.0
2025-08-26 16:00:00,19.27,1.319,328.2,74.47,984.0641,0.0
2025-08-26 17:00:00,17.9,0.88,329.3,78.93,984.7015,0.0
2025-08-26 18:00:00,15.65,0.267,344.3,86.1,985.1334,0.0
2025-08-26 19:00:00,14.87,0.077,317.7,88.6,985.5443,0.0
2025-08-26 20:00:00,13.7,0.0,278.1,90.8,985.6407,0.0
2025-08-26 21:00:00,13.56,0.0,14.94,90.3,985.7469,0.0
2025-08-26 22:00:00,12.89,0.0,1.142,92.8,985.9365,0.0
2025-08-26 23:00:00,14.41,0.0,234.8,92.0,985.9071,0.0
2025-08-27 00:00:00,14.78,0.67,269.5,90.6,985.9358,0.0
2025-08-27 01:00:00,14.66,0.008,66.58,91.1,985.5425,0.0
2025-08-27 02:00:00,14.34,0.198,312.5,92.4,985.2429,0.0
2025-08-27 03:00:00,14.19,0.092,273.1,93.6,985.1357,0.0
2025-08-27 04:00:00,14.25,0.493,286.1,93.2,985.1801,0.0
2025-08-27 05:00:00,14.26,0.053,291.0,92.8,985.252,0.0
2025-08-27 06:00:00,13.94,0.77,276.6,93.6,985.6925,0.0
2025-08-27 07:00:00,13.9,0.505,261.1,94.5,986.407,0.0
2025-08-27 08:00:00,14.09,0.985,278.4,93.7,987.0021,0.0
2025-08-27 09:00:00,14.2,0.75,253.4,92.7,987.3674,0.0
2025-08-27 10:00:00,15.28,0.012,235.7,88.0,987.4869,0.0
2025-08-27 11:00:00,16.42,0.597,282.7,84.1,987.0208,0.0
2025-08-27 12:00:00,16.93,1.726,272.7,81.3,986.6414,0.0
2025-08-27 13:00:00,17.54,1.717,238.0,78.98,986.2014,0.0
2025-08-27 14:00:00,18.26,2.245,236.4,77.49,985.3481,0.0
2025-08-27 15:00:00,17.78,2.717,295.8,79.24,984.6478,0.0
2025-08-27 16:00:00,16.69,1.649,259.2,83.1,984.6158,0.0
2025-08-27 17:00:00,16.11,0.987,268.2,85.2,984.8762,0.0
2025-08-27 18:00:00,15.38,0.796,301.5,87.1,985.3856,0.0
2025-08-27 19:00:00,15.16,0.753,253.6,87.9,986.0272,0.0
2025-08-27 20:00:00,14.77,1.015,261.4,89.3,986.757,0.0
2025-08-27 21:00:00,14.74,0.28,284.9,89.4,987.1167,0.0
2025-08-27 22:00:00,14.68,0.191,255.0,90.4,987.1469,0.0
2025-08-27 23:00:00,14.63,0.179,309.1,91.3,986.9888,0.0
2025-08-28 00:00:00,14.48,0.35,322.6,92.3,986.6188,0.0
2025-08-28 01:00:00,14.44,0.539,288.0,91.8,985.9893,0.0
2025-08-28 02:00:00,14.28,0.223,289.6,93.3,985.6243,0.0
2025-08-28 03:00:00,14.14,0.247,303.9,94.1,985.1552,0.0
2025-08-28 04:00:00,14.28,0.608,237.8,91.7,985.1877,0.0
2025-08-28 05:00:00,14.36,0.523,266.5,91.2,985.3945,0.0
2025-08-28 06:00:00,14.41,0.114,5.959,91.0,985.9208,0.0
2025-08-28 07:00:00,14.39,0.322,314.1,91.1,986.8693,0.0
2025-08-28 08:00:00,14.33,0.164,314.4,92.9,987.6437,0.0
2025-08-28 09:00:00,14.86,0.252,313.9,90.2,988.0596,0.0
2025-08-28 10:00:00,14.98,0.922,247.4,89.8,988.3348,0.0
2025-08-28 11:00:00,15.47,1.419,254.8,87.1,987.9211,0.0
2025-08-28 12:00:00,15.54,1.492,252.4,86.5,987.2437,0.0
2025-08-28 13:00:00,15.69,1.802,265.8,86.4,986.3484,0.0
2025-08-28 14:00:00,15.91,2.216,239.5,85.3,985.764,0.0
2025-08-28 15:00:00,15.88,1.311,273.6,85.8,985.3589,0.0
2025-08-28 16:00:00,15.63,1.137,274.9,87.2,985.3608,0.0
2025-08-28 17:00:00,15.28,1.459,259.3,89.2,985.418,0.0
2025-08-28 18:00:00,14.86,0.825,273.2,90.6,985.8202,0.0
2025-08-28 19:00:00,14.75,0.101,288.5,90.5,986.342,0.0
2025-08-28 20:00:00,14.55,0.2,283.3,91.8,986.8057,0.0
2025-08-28 21:00:00,14.57,0.239,242.1,91.4,987.2087,0.0
2025-08-28 22:00:00,14.55,0.633,234.0,90.5,987.4808,0.0
2025-08-28 23:00:00,14.52,0.198,245.1,91.1,987.5596,0.0
2025-08-29 00:00:00,14.37,0.771,235.9,91.6,987.5211,0.0
2025-08-29 01:00:00,14.41,0.009,319.1,91.4,987.0261,0.0
2025-08-29 02:00:00,14.38,0.053,293.3,91.8,986.6609,0.0
2025-08-29 03:00:00,14.26,0.0,331.4,93.1,986.778,0.0
2025-08-29 04:00:00,14.36,0.012,250.7,90.6,986.8171,0.0
2025-08-29 05:00:00,14.48,0.0,29.55,89.7,986.7833,0.0
2025-08-29 06:00:00,14.36,0.019,15.73,91.1,987.3976,0.0
2025-08-29 07:00:00,14.43,0.311,183.2,90.2,987.9828,0.0
2025-08-29 08:00:00,14.57,0.119,288.1,90.8,988.2281,0.0
2025-08-29 09:00:00,14.99,0.537,266.6,88.3,988.6356,0.0
2025-08-29 10:00:00,15.27,0.852,258.8,86.8,988.9718,0.0
2025-08-29 11:00:00,15.35,1.519,274.0,86.6,988.8906,0.0
2025-08-29 12:00:00,15.88,0.697,288.0,85.1,988.3026,0.0
2025-08-29 13:00:00,16.08,1.733,262.0,84.7,987.9545,0.0
2025-08-29 14:00:00,15.85,1.737,235.2,84.5,987.5863,0.0
2025-08-29 15:00:00,15.35,2.085,291.2,83.6,987.1538,0.0
2025-08-29 16:00:00,15.41,0.671,194.0,83.2,986.5782,0.0
2025-08-29 17:00:00,15.33,0.906,173.5,83.5,986.5848,0.0
2025-08-29 18:00:00,15.03,0.779,141.0,85.2,986.6401,0.0
2025-08-29 19:00:00,14.44,0.479,273.2,86.4,987.0305,0.0
2025-08-29 20:00:00,14.45,0.563,110.7,86.4,987.4644,0.0
2025-08-29 21:00:00,14.58,1.334,51.23,85.6,987.2787,0.0
2025-08-29 22:00:00,14.16,0.0,225.4,86.2,987.1156,0.0
2025-08-29 23:00:00,13.77,0.84,199.3,89.9,987.4957,0.0
2025-08-30 00:00:00,14.22,0.001,265.1,87.3,987.5648,0.0
2025-08-30 01:00:00,14.11,1.737,68.34,87.5,987.5322,0.0
2025-08-30 02:00:00,14.19,0.469,113.7,87.3,987.5403,0.0
2025-08-30 03:00:00,14.1,0.598,94.5,88.2,987.0039,0.0
2025-08-30 04:00:00,13.98,0.964,269.9,89.2,987.1729,0.0
2025-08-30 05:00:00,13.89,0.66,264.7,88.4,987.9863,0.0
2025-08-30 06:00:00,13.69,1.055,166.4,88.3,988.0306,0.0
2025-08-30 07:00:00,14.13,0.838,156.5,86.4,988.1047,0.0
2025-08-30 08:00:00,14.91,0.257,316.7,85.6,988.9911,0.0
2025-08-30 09:00:00,15.57,0.363,44.97,83.3,989.5977,0.0
2025-08-30 10:00:00,16.2,1.458,288.7,77.21,989.6216,0.0
2025-08-30 11:00:00,16.26,0.587,232.0,80.3,988.8107,0.0
2025-08-30 12:00:00,17.75,0.635,307.6,74.41,987.8248,0.0
2025-08-30 13:00:00,20.14,1.358,270.5,66.63,986.8635,0.0
2025-08-30 14:00:00,21.49,1.17,298.5,62.25,985.7809,0.0
2025-08-30 15:00:00,21.06,2.24,288.2,64.27,985.0614,0.0
2025-08-30 16:00:00,20.09,1.906,276.0,65.24,985.2521,0.0
2025-08-30 17:00:00,18.87,0.943,295.7,72.24,985.6142,0.0
2025-08-30 18:00:00,16.67,0.218,338.3,79.5,986.2172,0.0
2025-08-30 19:00:00,15.83,1.429,100.7,80.1,987.0939,0.0
2025-08-30 20:00:00,15.08,1.271,110.0,82.1,987.4066,0.0
2025-08-30 21:00:00,14.77,1.012,112.9,84.5,987.6085,0.0
2025-08-30 22:00:00,14.08,0.011,104.8,87.1,987.5134,0.0
2025-08-30 23:00:00,11.63,0.0,75.23,91.2,987.3134,0.0
2025-08-31 00:00:00,13.43,0.86,225.5,94.4,987.5538,0.0
2025-08-31 01:00:00,14.12,0.259,266.9,89.4,987.2341,0.0
2025-08-31 02:00:00,14.33,0.007,82.9,88.3,986.5444,0.0
2025-08-31 03:00:00,14.28,0.037,310.7,89.0,986.3557,0.0
2025-08-31 04:00:00,14.31,0.004,250.9,88.6,986.0974,0.0
2025-08-31 05:00:00,13.96,0.129,47.32,89.3,986.2182,0.0
2025-08-31 06:00:00,13.26,0.0,73.07,89.7,986.669,0.0
2025-08-31 07:00:00,13.13,0.215,268.0,93.8,986.7418,0.0
2025-08-31 08:00:00,15.0,0.799,245.5,86.4,987.4285,0.0
2025-08-31 09:00:00,15.26,0.659,317.4,85.5,987.9199,0.0
2025-08-31 10:00:00,16.08,0.819,317.7,81.8,987.9402,0.0
2025-08-31 11:00:00,17.79,1.572,256.1,76.32,987.5918,0.0
2025-08-31 12:00:00,18.87,1.465,321.3,74.1,986.9807,0.0
2025-08-31 13:00:00,20.09,1.305,218.6,69.49,986.4854,0.0
2025-08-31 14:00:00,20.67,1.946,321.1,68.17,985.5445,0.0
2025-08-31 15:00:00,20.85,1.944,321.5,66.96,985.1698,0.0
2025-08-31 16:00:00,18.66,1.873,311.2,73.8,985.2747,0.0
2025-08-31 17:00:00,17.8,1.663,275.2,76.26,984.5329,0.0
2025-08-31 18:00:00,15.75,1.112,321.5,83.3,984.8226,0.0
2025-08-31 19:00:00,14.47,0.067,333.3,88.7,985.2935,0.0
2025-08-31 20:00:00,13.27,0.0,336.7,88.3,985.6489,0.0
2025-08-31 21:00:00,12.9,0.0,302.3,91.7,985.9656,0.0
2025-08-31 22:00:00,13.97,0.005,327.4,91.0,985.9764,0.0
2025-08-31 23:00:00,12.69,0.0,238.2,91.7,985.9072,0.0
2025-09-01 00:00:00,11.85,0.0,88.0,92.6,985.7528,0.0
2025-09-01 01:00:00,13.41,0.0,87.9,93.9,985.1422,0.0
2025-09-01 02:00:00,14.41,0.0,339.5,90.6,984.9731,0.0
2025-09-01 03:00:00,14.42,0.0,120.1,90.3,984.8792,0.0
2025-09-01 04:00:00,14.4,0.188,174.3,90.4,984.84,0.0
2025-09-01 05:00:00,14.39,0.079,77.77,89.9,984.899,0.0
2025-09-01 06:00:00,14.35,0.084,180.6,90.4,985.7972,0.0
2025-09-01 07:00:00,14.63,0.205,32.02,89.6,986.3489,0.0
2025-09-01 08:00:00,14.91,0.078,17.15,88.4,986.9212,0.0
2025-09-01 09:00:00,15.42,0.55,317.1,86.5,987.3242,0.0
2025-09-01 10:00:00,15.99,1.429,251.7,85.4,986.9598,0.0
2025-09-01 11:00:00,16.9,1.201,290.1,82.6,986.2024,0.0
2025-09-01 12:00:00,16.9,2.684,276.8,81.6,986.3099,0.0
2025-09-01 13:00:00,17.03,1.07,286.5,81.5,986.1202,0.0
2025-09-01 14:00:00,17.76,2.023,291.3,78.32,985.6841,0.0
2025-09-01 15:00:00,17.33,2.327,344.5,80.3,984.9897,0.0
2025-09-01 16:00:00,15.8,1.458,267.8,85.4,985.3273,0.0
2025-09-01 17:00:00,15.49,1.278,302.8,85.8,985.4077,0.0
2025-09-01 18:00:00,15.2,0.579,275.7,86.6,985.5292,0.0
2025-09-01 19:00:00,14.85,0.345,233.8,87.6,986.093,0.0
2025-09-01 20:00:00,14.82,0.915,268.2,87.9,986.5696,0.0
2025-09-01 21:00:00,14.65,0.62,286.6,87.8,986.6951,0.0
2025-09-01 22:00:00,14.17,0.036,280.9,89.3,986.7899,0.0
2025-09-01 23:00:00,14.61,0.019,280.6,88.8,986.951,0.0
2025-09-02 00:00:00,14.72,0.0,7.616,88.7,986.6077,0.0
2025-09-02 01:00:00,14.61,0.427,263.5,89.1,986.1557,0.0
2025-09-02 02:00:00,14.24,0.271,247.5,90.7,985.8003,0.0
2025-09-02 03:00:00,14.01,0.611,273.5,92.7,985.0836,0.0
2025-09-02 04:00:00,13.7,0.543,218.8,93.1,985.2594,0.0
2025-09-02 05:00:00,13.47,0.092,272.2,94.2,986.0855,0.0
2025-09-02 06:00:00,13.5,0.061,305.2,94.9,986.572,0.0
2025-09-02 07:00:00,13.6,0.732,260.5,95.2,987.5773,0.0
2025-09-02 08:00:00,13.92,0.043,276.2,94.4,987.9218,0.0
2025-09-02 09:00:00,14.81,0.14,143.1,89.7,988.17,0.0
2025-09-02 10:00:00,16.03,1.001,268.0,84.3,988.4321,0.0
2025-09-02 11:00:00,16.75,1.028,273.1,81.2,988.1967,0.0
2025-09-02 12:00:00,19.12,1.495,270.2,74.91,986.971,0.0
2025-09-02 13:00:00,20.46,1.7,343.4,68.66,986.2662,0.0
2025-09-02 14:00:00,19.93,1.895,285.8,68.74,986.0068,0.0
2025-09-02 15:00:00,19.27,2.292,278.1,71.47,985.6801,0.0
2025-09-02 16:00:00,17.48,3.129,273.3,77.0,985.9061,0.0
2025-09-02 17:00:00,16.66,1.643,277.7,81.1,986.4786,0.0
2025-09-02 18:00:00,15.5,0.105,281.5,86.0,987.1975,0.0
2025-09-02 19:00:00,14.51,0.0,285.0,89.3,987.5219,0.0
2025-09-02 20:00:00,15.24,0.827,284.7,88.5,988.0979,0.0
2025-09-02 21:00:00,15.17,0.839,307.9,88.4,988.5325,0.0
2025-09-02 22:00:00,15.24,0.016,282.6,88.6,988.4073,0.0
2025-09-02 23:00:00,14.95,1.262,279.8,89.3,988.6993,0.0
2025-09-03 00:00:00,14.46,0.679,281.2,92.1,988.3097,0.0
2025-09-03 01:00:00,14.43,0.72,273.2,92.4,987.1134,0.0
2025-09-03 02:00:00,14.26,0.377,326.6,92.2,986.5899,0.0
2025-09-03 03:00:00,14.0,0.716,291.2,93.5,986.3073,0.0
2025-09-03 04:00:00,13.85,0.726,283.9,94.7,986.1278,0.0
2025-09-03 05:00:00,13.72,0.807,313.9,95.3,986.2925,0.0
2025-09-03 06:00:00,13.49,0.314,273.1,95.6,986.4987,0.0
2025-09-03 07:00:00,13.46,0.076,247.1,95.7,987.5958,0.0
2025-09-03 08:00:00,13.69,0.572,267.1,95.7,988.6027,0.0
2025-09-03 09:00:00,14.19,0.764,271.9,94.8,989.0156,0.1
2025-09-03 10:00:00,14.87,0.663,266.1,89.9,989.088,0.0
2025-09-03 11:00:00,15.87,0.829,277.4,85.2,988.6824,0.0
2025-09-03 12:00:00,17.0,1.254,220.2,80.6,987.9321,0.0
2025-09-03 13:00:00,16.91,1.342,278.5,80.7,987.3107,0.0
2025-09-03 14:00:00,17.95,1.462,287.4,77.26,986.5956,0.0
2025-09-03 15:00:00,19.15,2.276,261.7,73.98,985.6696,0.0
2025-09-03 16:00:00,18.5,1.423,275.6,74.98,985.4085,0.0
2025-09-03 17:00:00,17.97,0.953,319.2,77.27,985.3572,0.0
2025-09-03 18:00:00,16.51,0.431,318.5,82.4,985.7209,0.0
2025-09-03 19:00:00,15.42,0.215,327.3,85.8,985.996,0.0
2025-09-03 20:00:00,14.86,0.0,12.24,88.0,986.4898,0.0
2025-09-03 21:00:00,14.02,0.0,6.322,89.2,986.8139,0.0
2025-09-03 22:00:00,14.33,0.691,96.7,91.9,987.4343,0.0
2025-09-03 23:00:00,14.89,0.597,72.03,88.3,987.4615,0.0
2025-09-04 00:00:00,14.8,0.087,71.49,88.5,987.0289,0.0
2025-09-04 01:00:00,14.78,0.566,317.6,89.1,986.5041,0.0
2025-09-04 02:00:00,13.79,1.585,253.8,92.6,986.5742,0.0
2025-09-04 03:00:00,13.48,0.213,254.1,94.1,986.5698,0.1
2025-09-04 04:00:00,13.52,0.0,77.11,94.4,986.2896,0.0
2025-09-04 05:00:00,13.61,0.0,206.8,94.5,986.198,0.0
2025-09-04 06:00:00,13.59,0.002,262.2,94.1,986.731,0.0
2025-09-04 07:00:00,13.89,0.0,240.7,94.0,987.4002,0.0
2025-09-04 08:00:00,14.57,0.365,269.2,89.5,988.0609,0.0
2025-09-04 09:00:00,15.55,0.529,266.6,86.0,988.1398,0.0
2025-09-04 10:00:00,16.09,0.774,316.4,83.8,988.5862,0.0
2025-09-04 11:00:00,16.3,0.66,269.5,82.6,988.2194,0.0
2025-09-04 12:00:00,16.78,0.604,247.4,80.8,987.2253,0.0
2025-09-04 13:00:00,17.99,1.078,319.8,76.31,986.3715,0.0
2025-09-04 14:00:00,18.94,1.62,301.4,73.52,985.8845,0.0
2025-09-04 15:00:00,17.95,1.846,311.8,75.42,985.2978,0.0
2025-09-04 16:00:00,17.38,1.527,281.1,77.93,985.1193,0.0
2025-09-04 17:00:00,16.16,1.394,241.2,82.1,985.4523,0.0
2025-09-04 18:00:00,15.42,0.435,291.8,84.9,985.5987,0.0
2025-09-04 19:00:00,15.05,0.239,258.5,86.2,985.7866,0.0
2025-09-04 20:00:00,14.84,0.339,246.0,88.5,986.0347,0.0
2025-09-04 21:00:00,15.04,0.328,274.9,88.7,986.2763,0.0
2025-09-04 22:00:00,15.26,1.253,76.25,86.9,986.2432,0.0
2025-09-04 23:00:00,15.13,0.651,80.6,87.3,986.1544,0.0
2025-09-05 00:00:00,15.0,0.578,126.3,87.7,985.8989,0.0
2025-09-05 01:00:00,15.14,0.0,104.4,87.1,985.507,0.0
2025-09-05 02:00:00,15.08,0.666,280.8,87.7,985.1603,0.0
2025-09-05 03:00:00,14.84,0.499,261.7,88.7,985.4952,0.0
2025-09-05 04:00:00,14.87,0.85,281.3,88.7,985.9439,0.0
2025-09-05 05:00:00,14.37,0.365,263.9,92.1,986.3764,0.0
2025-09-05 06:00:00,14.39,1.078,289.6,91.7,986.8361,0.0
2025-09-05 07:00:00,14.53,0.297,224.8,90.9,987.3973,0.0
2025-09-05 08:00:00,14.88,1.113,261.2,89.6,987.9645,0.0
2025-09-05 09:00:00,14.5,0.44,233.1,92.8,988.1618,0.0
2025-09-05 10:00:00,14.7,1.294,276.9,90.9,988.3211,0.0
2025-09-05 11:00:00,14.87,1.023,310.3,90.4,987.9199,0.0
2025-09-05 12:00:00,15.11,1.344,281.8,87.2,987.5074,0.0
2025-09-05 13:00:00,15.92,0.757,300.0,84.1,987.0346,0.0
2025-09-05 14:00:00,16.86,0.982,278.1,80.1,986.5455,0.0
2025-09-05 15:00:00,16.89,1.382,276.7,78.04,985.8682,0.0
2025-09-05 16:00:00,17.25,1.22,244.8,77.21,985.4297,0.0
2025-09-05 17:00:00,17.06,1.698,271.9,77.1,985.5606,0.0
2025-09-05 18:00:00,15.03,0.567,291.6,83.9,986.0388,0.0
2025-09-05 19:00:00,12.77,0.0,12.94,87.3,986.8326,0.0
2025-09-05 20:00:00,13.69,0.047,284.3,91.7,987.5175,0.0
2025-09-05 21:00:00,14.87,0.0,63.23,87.0,987.8755,0.0
2025-09-05 22:00:00,14.92,0.032,276.3,88.2,988.1587,0.0
2025-09-05 23:00:00,15.03,0.0,206.3,86.7,988.3745,0.0
2025-09-06 00:00:00,15.05,0.117,237.8,86.1,988.0696,0.0
2025-09-06 01:00:00,14.95,0.18,218.8,86.1,988.0221,0.0
2025-09-06 02:00:00,14.79,0.061,284.6,87.8,987.4992,0.0
2025-09-06 03:00:00,14.8,0.14,265.6,87.8,987.284,0.0
2025-09-06 04:00:00,14.57,0.193,319.5,89.2,987.7584,0.0
2025-09-06 05:00:00,14.33,0.0,281.7,90.8,988.1818,0.0
2025-09-06 06:00:00,14.42,0.0,220.6,90.4,988.4101,0.0
2025-09-06 07:00:00,14.48,0.237,259.1,90.6,988.9328,0.0
2025-09-06 08:00:00,14.85,0.423,304.4,90.2,989.4031,0.0
2025-09-06 09:00:00,15.5,0.068,33.96,86.7,989.9612,0.0
2025-09-06 10:00:00,15.92,1.001,270.9,86.3,990.1142,0.0
2025-09-06 11:00:00,16.36,1.021,331.4,86.2,989.545,0.0
2025-09-06 12:00:00,16.93,1.786,282.5,83.3,988.8357,0.0
2025-09-06 13:00:00,17.53,1.798,298.5,80.0,988.4084,0.0
2025-09-06 14:00:00,18.3,1.497,249.3,76.71,987.5828,0.0
2025-09-06 15:00:00,18.75,1.74,245.7,73.22,987.0599,0.0
2025-09-06 16:00:00,19.44,1.509,295.4,70.51,986.8989,0.0
2025-09-06 17:00:00,18.19,1.313,272.7,73.34,987.0335,0.0
2025-09-06 18:00:00,16.18,0.069,333.7,78.85,987.5962,0.0
2025-09-06 19:00:00,14.98,0.311,20.21,83.3,988.4084,0.0
2025-09-06 20:00:00,14.44,0.011,0.202,85.1,989.2622,0.0
2025-09-06 21:00:00,13.22,0.0,334.9,86.4,989.7026,0.0
2025-09-06 22:00:00,11.66,0.0,99.5,90.6,989.5723,0.0
2025-09-06 23:00:00,11.28,0.0,70.53,91.8,989.3452,0.0
2025-09-07 00:00:00,11.57,0.154,91.5,94.1,989.4221,0.0
2025-09-07 01:00:00,14.28,1.374,94.9,90.2,988.7476,0.0
2025-09-07 02:00:00,12.9,0.0,249.3,91.0,988.0571,0.0
2025-09-07 03:00:00,13.97,0.011,60.53,90.6,987.81,0.0
2025-09-07 04:00:00,14.0,0.0,14.0,90.3,987.957,0.0
2025-09-07 05:00:00,12.89,0.0,233.1,92.6,988.2906,0.0
2025-09-07 06:00:00,13.92,0.0,0.015,91.6,988.9888,0.0
2025-09-07 07:00:00,14.61,0.174,249.0,88.7,989.6704,0.0
2025-09-07 08:00:00,15.39,0.579,280.7,86.1,990.1307,0.0
2025-09-07 09:00:00,16.36,0.33,277.0,83.9,990.3292,0.0
2025-09-07 10:00:00,17.96,1.413,320.6,78.37,990.4634,0.0
2025-09-07 11:00:00,19.31,2.241,262.9,74.57,989.925,0.0
2025-09-07 12:00:00,18.91,2.325,266.7,75.3,989.4064,0.0
2025-09-07 13:00:00,19.22,2.246,303.6,74.49,988.6293,0.0
2025-09-07 14:00:00,21.15,2.125,301.1,68.29,987.6561,0.0
2025-09-07 15:00:00,19.91,2.24,255.7,72.22,987.3889,0.0
2025-09-07 16:00:00,19.18,1.538,308.8,75.12,987.0436,0.0
2025-09-07 17:00:00,18.24,1.363,258.0,76.96,987.3276,0.0
2025-09-07 18:00:00,16.55,0.016,343.4,82.4,987.6743,0.0
2025-09-07 19:00:00,16.32,1.176,99.0,83.4,988.0915,0.0
2025-09-07 20:00:00,15.75,0.526,305.8,85.4,988.3439,0.0
2025-09-07 21:00:00,15.74,1.574,83.9,86.0,988.4358,0.0
2025-09-07 22:00:00,15.7,1.022,120.5,86.5,988.4753,0.0
2025-09-07 23:00:00,15.29,0.326,93.2,87.6,988.1972,0.0
2025-09-08 00:00:00,13.25,0.0,325.4,89.4,987.8469,0.0
2025-09-08 01:00:00,14.83,0.0,347.0,91.6,987.3981,0.0
2025-09-08 02:00:00,15.06,0.036,271.4,90.1,987.037,0.0
2025-09-08 03:00:00,15.13,1.568,105.4,89.7,986.2845,0.0
2025-09-08 04:00:00,14.65,0.143,47.15,90.8,985.377,0.0
2025-09-08 05:00:00,14.57,0.612,231.6,92.3,985.3389,0.0
2025-09-08 06:00:00,14.61,0.022,306.6,92.8,985.8196,0.0
2025-09-08 07:00:00,14.97,0.18,71.82,90.9,986.5624,0.0
2025-09-08 08:00:00,15.23,0.424,316.2,90.1,987.3337,0.0
2025-09-08 09:00:00,15.94,0.04,268.4,87.7,987.6653,0.0
2025-09-08 10:00:00,16.54,0.744,298.8,85.9,987.763,0.0
2025-09-08 11:00:00,16.15,1.302,268.0,88.1,987.2819,0.0
2025-09-08 12:00:00,16.59,1.218,271.8,85.8,986.5136,0.0
2025-09-08 13:00:00,17.35,1.348,255.3,82.4,985.8724,0.0
2025-09-08 14:00:00,16.95,0.791,280.3,83.9,985.3767,0.0
2025-09-08 15:00:00,16.82,1.279,290.3,84.0,984.6986,0.0
2025-09-08 16:00:00,16.14,1.791,274.8,85.3,984.6074,0.0
2025-09-08 17:00:00,15.48,0.81,257.7,87.7,984.7636,0.0
2025-09-08 18:00:00,15.13,0.514,299.9,87.6,985.3314,0.0
2025-09-08 19:00:00,14.8,0.817,270.6,89.5,986.0127,0.0
2025-09-08 20:00:00,14.7,0.384,288.9,91.3,986.217,0.0
2025-09-08 21:00:00,14.48,0.29,278.4,93.3,986.5961,0.0
2025-09-08 22:00:00,14.44,0.0,232.4,93.6,986.7809,0.0
2025-09-08 23:00:00,14.58,0.0,239.5,93.7,986.5399,0.0
2025-09-09 00:00:00,14.66,0.395,272.6,92.4,985.9138,0.0
2025-09-09 01:00:00,14.61,0.257,262.9,92.2,985.4841,0.0
2025-09-09 02:00:00,14.2,0.966,275.3,93.0,985.1268,0.0
2025-09-09 03:00:00,14.01,0.771,305.7,94.3,984.7783,0.0
2025-09-09 04:00:00,14.1,0.222,263.7,94.8,984.8669,0.0
2025-09-09 05:00:00,14.06,0.355,219.0,94.8,985.1127,0.1
2025-09-09 06:00:00,14.0,0.246,250.3,94.9,985.6393,0.0
2025-09-09 07:00:00,14.13,0.494,317.2,94.2,986.4724,0.0
2025-09-09 08:00:00,14.55,0.239,305.7,93.1,987.0046,0.0
2025-09-09 09:00:00,15.04,1.137,286.9,90.1,987.5343,0.0
2025-09-09 10:00:00,15.72,0.424,335.9,86.7,988.1161,0.0
2025-09-09 11:00:00,16.39,0.695,280.6,83.0,987.7493,0.0
2025-09-09 12:00:00,17.38,1.165,281.8,78.94,987.1136,0.0
2025-09-09 13:00:00,18.17,1.235,293.0,75.57,986.6677,0.0
2025-09-09 14:00:00,19.19,1.675,256.3,73.03,985.8599,0.0
2025-09-09 15:00:00,18.84,1.159,280.6,73.61,985.3011,0.0
2025-09-09 16:00:00,17.49,1.347,274.2,79.06,985.5502,0.0
2025-09-09 17:00:00,16.16,1.526,266.8,84.2,985.8663,0.0
2025-09-09 18:00:00,15.81,0.72,261.0,85.1,986.1524,0.0
2025-09-09 19:00:00,15.54,0.696,261.3,86.9,986.814,0.0
2025-09-09 20:00:00,15.43,0.809,258.1,88.0,987.3378,0.0
2025-09-09 21:00:00,15.44,0.034,329.5,88.7,987.9584,0.0
2025-09-09 22:00:00,15.38,0.489,294.9,89.0,988.094,0.0
2025-09-09 23:00:00,15.33,0.264,279.9,89.3,987.7406,0.0
2025-09-10 00:00:00,15.17,1.519,236.7,89.2,987.0388,0.0
2025-09-10 01:00:00,15.04,1.091,283.3,89.5,986.5593,0.0
2025-09-10 02:00:00,15.12,0.043,22.89,89.0,985.9451,0.0
2025-09-10 03:00:00,15.13,0.0,266.6,88.0,985.7306,0.0
2025-09-10 04:00:00,15.12,0.4,107.0,87.7,985.3435,0.0
2025-09-10 05:00:00,15.26,0.387,71.88,87.2,985.3394,0.0
2025-09-10 06:00:00,15.08,0.208,285.5,88.3,985.7907,0.0
2025-09-10 07:00:00,15.2,0.07,307.4,88.4,986.2912,0.0
2025-09-10 08:00:00,15.69,0.215,233.3,86.3,986.3021,0.0
2025-09-10 09:00:00,15.62,1.869,254.7,87.3,986.386,0.0
2025-09-10 10:00:00,15.91,1.255,274.0,87.5,986.6812,0.0
2025-09-10 11:00:00,16.4,1.161,286.7,85.8,986.2802,0.0
2025-09-10 12:00:00,17.61,1.323,290.9,81.7,985.5709,0.0
2025-09-10 13:00:00,18.87,1.62,258.3,77.21,984.9769,0.0
2025-09-10 14:00:00,19.25,1.873,228.3,74.74,984.4263,0.0
2025-09-10 15:00:00,18.96,1.993,271.3,74.53,983.989,0.0
2025-09-10 16:00:00,18.97,1.617,262.6,73.88,983.8637,0.0
2025-09-10 17:00:00,17.42,1.953,262.5,77.64,984.071,0.0
2025-09-10 18:00:00,15.48,0.651,304.8,84.5,985.0057,0.0
2025-09-10 19:00:00,14.76,0.17,307.5,88.0,985.7969,0.0
2025-09-10 20:00:00,15.01,0.122,286.8,87.6,986.1103,0.0
2025-09-10 21:00:00,15.2,0.61,260.6,86.8,986.6609,0.0
2025-09-10 22:00:00,15.0,1.17,269.7,88.3,986.6793,0.0
2025-09-10 23:00:00,14.92,0.76,267.7,88.8,986.8235,0.0
2025-09-11 00:00:00,14.87,0.497,261.3,89.2,986.4214,0.0
2025-09-11 01:00:00,14.59,0.172,268.1,91.5,986.0773,0.0
2025-09-11 02:00:00,14.18,0.515,258.2,93.5,985.9733,0.1
2025-09-11 03:00:00,13.88,0.413,279.1,94.5,985.802,0.0
2025-09-11 04:00:00,13.83,0.255,270.8,94.8,985.8579,0.1
2025-09-11 05:00:00,13.87,0.714,244.1,95.1,985.7521,0.1
2025-09-11 06:00:00,13.72,0.668,238.1,95.3,986.3867,0.2
2025-09-11 07:00:00,13.81,0.548,293.9,95.3,987.1039,0.1
2025-09-11 08:00:00,14.07,0.502,266.5,95.1,987.7203,0.0
2025-09-11 09:00:00,14.51,0.47,266.3,94.0,988.0806,0.0
2025-09-11 10:00:00,14.68,0.159,202.4,93.4,988.1863,0.0
2025-09-11 11:00:00,15.15,1.555,295.3,89.2,987.7311,0.0
2025-09-11 12:00:00,16.08,1.276,295.6,84.9,986.813,0.0
2025-09-11 13:00:00,16.63,0.795,302.9,82.6,986.0206,0.0
2025-09-11 14:00:00,17.47,1.642,283.1,78.78,985.0326,0.0
2025-09-11 15:00:00,18.78,1.744,319.7,74.11,984.2331,0.0
2025-09-11 16:00:00,18.57,1.166,277.1,74.36,983.8915,0.0
2025-09-11 17:00:00,18.22,1.405,305.8,75.67,984.0076,0.0
2025-09-11 18:00:00,16.13,0.616,293.2,83.5,984.0377,0.0
2025-09-11 19:00:00,14.61,0.0,311.9,88.4,983.741,0.0
2025-09-11 20:00:00,13.62,0.0,279.5,91.1,984.41,0.0
2025-09-11 21:00:00,14.63,0.086,343.5,92.0,984.8936,0.0
2025-09-11 22:00:00,14.84,0.0,283.4,90.2,984.9,0.0
2025-09-11 23:00:00,14.91,0.0,275.6,90.2,984.645,0.0
2025-09-12 00:00:00,14.87,0.0,304.8,90.7,984.3084,0.0
2025-09-12 01:00:00,14.75,0.0,241.6,91.0,984.0574,0.0
2025-09-12 02:00:00,14.69,0.817,93.4,89.5,983.7393,0.0
2025-09-12 03:00:00,14.67,0.436,144.8,89.8,983.5621,0.0
2025-09-12 04:00:00,14.58,0.016,300.1,90.7,983.9446,0.0
2025-09-12 05:00:00,14.39,0.049,286.0,91.6,984.9849,0.0
2025-09-12 06:00:00,14.37,0.203,255.6,91.9,986.3431,0.0
2025-09-12 07:00:00,14.38,0.155,267.7,93.5,987.4363,0.1
2025-09-12 08:00:00,14.31,0.693,310.9,94.4,988.2744,0.1
2025-09-12 09:00:00,14.21,1.05,260.1,94.8,988.9105,0.1
2025-09-12 10:00:00,14.43,1.556,256.3,94.5,989.3474,0.0
2025-09-12 11:00:00,15.5,1.231,288.5,90.9,988.9,0.0
2025-09-12 12:00:00,16.07,0.192,348.2,87.5,988.0268,0.0
2025-09-12 13:00:00,16.5,1.096,263.5,85.6,987.3885,0.0
2025-09-12 14:00:00,17.79,0.653,321.9,81.2,986.2977,0.0
2025-09-12 15:00:00,20.15,0.857,310.4,73.67,985.4262,0.0
2025-09-12 16:00:00,20.99,1.282,288.5,69.83,985.264,0.0
2025-09-12 17:00:00,19.54,0.813,323.0,71.46,985.2944,0.0
2025-09-12 18:00:00,16.88,0.92,332.8,79.65,985.6074,0.0
2025-09-12 19:00:00,15.49,0.164,308.9,83.6,986.3922,0.0
2025-09-12 20:00:00,14.61,0.0,105.3,86.0,986.8142,0.0
2025-09-12 21:00:00,14.73,0.0,288.2,86.4,986.9283,0.0
2025-09-12 22:00:00,13.87,0.0,194.1,87.8,987.0741,0.0
2025-09-12 23:00:00,12.68,0.0,127.7,90.8,986.9611,0.0
2025-09-13 00:00:00,12.51,0.0,253.2,91.4,986.2933,0.0
2025-09-13 01:00:00,12.13,0.0,67.21,92.6,985.7938,0.0
2025-09-13 02:00:00,13.21,0.221,321.8,92.6,985.5732,0.0
2025-09-13 03:00:00,13.13,0.091,102.8,93.9,985.5203,0.0
2025-09-13 04:00:00,14.18,0.0,124.7,91.3,985.2689,0.0
2025-09-13 05:00:00,14.33,0.599,99.0,90.7,985.1259,0.0
2025-09-13 06:00:00,14.29,1.22,117.7,90.8,985.3502,0.0
2025-09-13 07:00:00,14.68,0.243,216.4,88.9,985.8776,0.0
2025-09-13 08:00:00,15.23,0.537,299.2,87.7,986.3762,0.0
2025-09-13 09:00:00,18.1,0.049,336.8,79.13,986.0799,0.0
2025-09-13 10:00:00,19.27,1.221,333.0,74.54,985.9977,0.0
2025-09-13 11:00:00,21.72,1.808,310.9,67.55,985.2824,0.0
2025-09-13 12:00:00,22.12,2.05,263.7,65.1,984.6907,0.0
2025-09-13 13:00:00,22.69,2.35,280.0,63.67,984.221,0.0
2025-09-13 14:00:00,21.18,2.962,282.1,67.92,984.0908,0.0
2025-09-13 15:00:00,20.6,2.945,262.1,69.52,983.6512,0.0
2025-09-13 16:00:00,19.63,1.91,277.1,72.8,983.4406,0.0
2025-09-13 17:00:00,18.51,0.754,283.7,76.24,983.3266,0.0
2025-09-13 18:00:00,16.8,0.646,288.5,81.7,983.5886,0.0
2025-09-13 19:00:00,15.68,0.031,30.45,86.2,983.7861,0.0
2025-09-13 20:00:00,15.11,0.0,338.8,88.6,983.8085,0.0
2025-09-13 21:00:00,14.86,0.11,348.6,89.7,984.3351,0.0
2025-09-13 22:00:00,15.4,0.294,325.8,88.9,984.7808,0.0
2025-09-13 23:00:00,15.52,0.016,290.1,88.1,984.6845,0.0
2025-09-14 00:00:00,15.32,0.145,318.5,89.2,984.2756,0.0
2025-09-14 01:00:00,15.25,0.596,272.4,89.6,983.6938,0.0
2025-09-14 02:00:00,15.0,0.284,282.9,90.9,983.4544,0.0
2025-09-14 03:00:00,14.8,1.06,267.9,91.7,983.319,0.0
2025-09-14 04:00:00,14.6,0.162,271.4,92.2,983.2459,0.0
2025-09-14 05:00:00,14.62,0.037,332.3,92.5,983.2864,0.0
2025-09-14 06:00:00,14.77,0.0,286.7,92.2,983.6867,0.0
2025-09-14 07:00:00,15.03,1.132,274.2,91.3,984.5314,0.0
2025-09-14 08:00:00,14.57,1.486,272.6,92.6,985.603,0.0
2025-09-14 09:00:00,14.54,1.088,262.3,93.0,986.5515,0.0
2025-09-14 10:00:00,15.5,0.278,321.6,89.5,986.7294,0.0
2025-09-14 11:00:00,15.82,1.077,299.5,87.7,986.4182,0.0
2025-09-14 12:00:00,16.19,1.355,298.6,86.1,986.1768,0.0
2025-09-14 13:00:00,16.86,1.137,273.8,83.3,985.4418,0.0
2025-09-14 14:00:00,17.85,1.156,237.4,79.07,984.7044,0.0
2025-09-14 15:00:00,17.55,2.044,248.2,79.86,983.9451,0.0
2025-09-14 16:00:00,16.47,1.621,280.2,84.5,983.9048,0.0
2025-09-14 17:00:00,15.65,1.551,276.1,85.4,984.3627,0.0
2025-09-14 18:00:00,15.58,0.782,264.3,84.6,984.6815,0.0
2025-09-14 19:00:00,15.33,0.584,307.5,85.5,985.0035,0.0
2025-09-14 20:00:00,15.14,0.65,276.5,87.1,985.357,0.0
2025-09-14 21:00:00,15.1,0.469,277.1,87.8,985.5909,0.0
2025-09-14 22:00:00,14.89,0.0,257.6,88.6,985.883,0.0
2025-09-14 23:00:00,13.77,0.0,265.6,90.0,985.9353,0.0
2025-09-15 00:00:00,13.17,0.0,330.3,91.4,985.3653,0.0
2025-09-15 01:00:00,14.7,0.056,70.59,90.6,984.8377,0.0
2025-09-15 02:00:00,14.84,0.208,88.0,90.0,984.2033,0.0
2025-09-15 03:00:00,14.98,0.108,96.4,88.4,983.7813,0.0
2025-09-15 04:00:00,14.79,0.0,309.7,89.1,983.3569,0.0
2025-09-15 05:00:00,13.78,0.0,1.526,90.1,983.4645,0.0
2025-09-15 06:00:00,14.61,0.018,17.01,90.7,984.1042,0.0
2025-09-15 07:00:00,14.88,0.11,295.7,90.1,984.8231,0.0
2025-09-15 08:00:00,15.62,0.467,278.0,88.1,985.7007,0.0
2025-09-15 09:00:00,17.6,0.754,353.4,81.7,985.8494,0.0
2025-09-15 10:00:00,19.49,1.414,274.6,75.78,985.8608,0.0
2025-09-15 11:00:00,20.59,1.597,330.2,72.46,985.5446,0.0
2025-09-15 12:00:00,21.83,2.273,296.8,68.37,984.8014,0.0
2025-09-15 13:00:00,21.47,2.942,274.9,68.37,984.1763,0.0
2025-09-15 14:00:00,21.56,1.896,305.9,68.47,983.6909,0.0
2025-09-15 15:00:00,21.4,1.811,268.8,68.77,983.1674,0.0
2025-09-15 16:00:00,20.86,1.313,264.2,69.66,983.2526,0.0
2025-09-15 17:00:00,19.5,0.981,287.1,73.54,983.5903,0.0
2025-09-15 18:00:00,16.82,0.733,334.7,82.4,984.2946,0.0
2025-09-15 19:00:00,15.95,0.06,338.4,85.9,984.9037,0.0
2025-09-15 20:00:00,15.31,0.028,288.4,88.3,985.2906,0.0
2025-09-15 21:00:00,15.09,0.418,314.9,90.3,985.8405,0.0
2025-09-15 22:00:00,15.01,0.146,354.3,90.9,986.0153,0.0
2025-09-15 23:00:00,15.11,0.239,346.9,91.2,986.3004,0.0
2025-09-16 00:00:00,15.12,0.024,353.7,91.2,985.9472,0.0
2025-09-16 01:00:00,15.19,0.049,315.8,91.0,985.4224,0.0
2025-09-16 02:00:00,15.19,0.2,280.5,91.1,985.167,0.0
2025-09-16 03:00:00,15.11,0.268,279.5,91.2,984.7665,0.0
2025-09-16 04:00:00,15.11,0.155,308.4,91.4,984.7667,0.0
2025-09-16 05:00:00,15.38,0.0,224.4,90.4,984.9955,0.0
2025-09-16 06:00:00,15.1,0.0,206.0,89.8,985.6834,0.0
2025-09-16 07:00:00,15.63,0.036,330.6,90.0,986.1357,0.0
2025-09-16 08:00:00,17.64,0.399,260.2,82.3,986.3862,0.0
2025-09-16 09:00:00,19.84,1.332,331.0,75.33,986.4404,0.0
2025-09-16 10:00:00,20.27,1.618,274.5,72.72,986.7049,0.0
2025-09-16 11:00:00,21.01,1.521,314.1,70.61,986.9036,0.0
2025-09-16 12:00:00,21.28,2.249,307.1,69.3,986.0618,0.0
2025-09-16 13:00:00,21.42,1.91,279.3,67.93,985.4796,0.0
2025-09-16 14:00:00,21.85,1.688,275.8,66.25,984.8307,0.0
2025-09-16 15:00:00,21.26,1.442,335.1,68.54,984.1754,0.0
2025-09-16 16:00:00,21.4,1.374,315.9,67.88,983.8448,0.0
2025-09-16 17:00:00,20.64,1.182,268.5,69.58,983.864,0.0
2025-09-16 18:00:00,18.23,0.484,291.1,76.61,984.5804,0.0
2025-09-16 19:00:00,16.11,0.782,310.9,84.4,985.433,0.0
2025-09-16 20:00:00,15.35,0.431,343.4,87.7,986.2305,0.0
2025-09-16 21:00:00,14.84,0.0,293.7,88.9,986.673,0.0
2025-09-16 22:00:00,14.21,0.0,299.2,91.6,986.8481,0.0
2025-09-16 23:00:00,14.34,0.0,268.0,90.9,986.5151,0.0
2025-09-17 00:00:00,14.28,0.0,102.5,91.5,986.1283,0.0
2025-09-17 01:00:00,12.66,0.0,57.97,91.4,985.5462,0.0
2025-09-17 02:00:00,14.52,0.0,269.6,93.8,985.4279,0.0
2025-09-17 03:00:00,14.85,0.0,107.1,92.6,985.352,0.0
2025-09-17 04:00:00,15.0,0.109,184.2,91.8,984.9595,0.0
2025-09-17 05:00:00,14.55,0.0,243.3,92.3,985.197,0.0
2025-09-17 06:00:00,15.13,0.075,197.0,91.5,986.005,0.0
2025-09-17 07:00:00,15.44,0.0,97.5,90.3,987.1716,0.0
2025-09-17 08:00:00,16.65,0.061,353.8,86.0,987.7045,0.0
2025-09-17 09:00:00,17.92,2.342,265.7,81.6,988.0104,0.0
2025-09-17 10:00:00,17.99,1.42,311.3,81.8,987.8906,0.0
2025-09-17 11:00:00,20.24,1.47,322.4,74.25,987.3004,0.0
2025-09-17 12:00:00,21.24,1.95,313.2,70.35,986.3731,0.0
2025-09-17 13:00:00,22.24,1.933,287.9,65.86,985.3986,0.0
2025-09-17 14:00:00,23.74,1.825,353.5,61.67,984.0574,0.0
2025-09-17 15:00:00,23.09,1.729,353.1,62.64,983.3434,0.0
2025-09-17 16:00:00,21.88,1.566,305.3,66.47,983.2888,0.0
2025-09-17 17:00:00,19.82,0.831,304.2,72.65,983.6948,0.0
2025-09-17 18:00:00,17.99,1.051,272.2,78.52,984.3383,0.0
2025-09-17 19:00:00,16.82,0.0,306.6,82.7,984.8902,0.0
2025-09-17 20:00:00,16.38,0.0,335.9,85.0,985.9074,0.0
2025-09-17 21:00:00,15.36,0.001,342.2,88.5,986.2413,0.0
2025-09-17 22:00:00,15.11,0.0,351.8,90.5,986.4413,0.0
2025-09-17 23:00:00,15.17,0.425,316.0,91.0,986.5377,0.0
2025-09-18 00:00:00,14.57,0.0,292.9,92.4,986.1128,0.0
2025-09-18 01:00:00,14.2,0.0,285.6,93.6,985.4888,0.0
2025-09-18 02:00:00,14.9,0.104,344.8,93.8,985.0759,0.0
2025-09-18 03:00:00,14.96,0.0,21.31,93.2,984.6965,0.0
2025-09-18 04:00:00,14.9,0.0,238.6,93.1,984.343,0.0
2025-09-18 05:00:00,14.07,0.0,17.33,93.2,984.7974,0.0
2025-09-18 06:00:00,13.11,0.0,17.27,93.2,985.1705,0.0
2025-09-18 07:00:00,15.05,0.0,249.3,94.4,985.829,0.0
2025-09-18 08:00:00,15.91,0.046,0.166,90.7,986.4227,0.0
2025-09-18 09:00:00,18.36,0.903,282.1,80.7,986.6522,0.0
2025-09-18 10:00:00,20.61,0.971,283.7,73.63,986.5278,0.0
2025-09-18 11:00:00,22.05,1.789,338.0,68.71,985.9366,0.0
2025-09-18 12:00:00,23.27,2.246,278.0,63.9,985.546,0.0
2025-09-18 13:00:00,23.35,1.97,336.1,63.7,985.1246,0.0
2025-09-18 14:00:00,23.27,1.532,327.6,63.09,984.5903,0.0
2025-09-18 15:00:00,22.7,2.169,337.6,64.63,983.8495,0.0
2025-09-18 16:00:00,21.74,1.745,251.2,66.92,983.915,0.0
2025-09-18 17:00:00,20.36,1.138,287.7,70.84,984.0261,0.0
2025-09-18 18:00:00,17.49,0.583,288.6,79.98,984.2538,0.2
2025-09-18 19:00:00,16.5,0.352,320.1,83.9,984.8381,0.0
2025-09-18 20:00:00,16.16,0.001,342.6,85.3,985.3473,0.0
2025-09-18 21:00:00,15.3,0.0,7.272,86.8,985.9327,0.0
2025-09-18 22:00:00,15.24,0.271,293.3,89.4,986.2536,0.0
2025-09-18 23:00:00,15.03,0.009,313.8,91.2,986.4717,0.0
2025-09-19 00:00:00,15.05,0.023,286.0,92.4,986.4431,0.0
2025-09-19 01:00:00,14.49,0.0,241.8,92.4,986.0468,0.0
2025-09-19 02:00:00,14.99,0.007,246.7,93.2,985.8273,0.0
2025-09-19 03:00:00,15.21,0.104,201.7,92.3,985.6527,0.0
2025-09-19 04:00:00,15.23,0.0,85.3,92.1,985.4976,0.0
2025-09-19 05:00:00,15.32,0.283,259.4,91.7,985.9594,0.0
2025-09-19 06:00:00,14.74,1.014,279.7,93.6,986.8384,0.0
2025-09-19 07:00:00,14.76,0.67,316.2,94.4,987.6306,0.0
2025-09-19 08:00:00,14.97,0.725,266.8,94.4,988.3712,0.0
2025-09-19 09:00:00,15.77,0.574,253.7,90.7,989.0341,0.0
2025-09-19 10:00:00,17.7,1.409,301.4,83.0,988.9295,0.0
2025-09-19 11:00:00,19.3,1.765,319.1,76.78,988.5449,0.0
2025-09-19 12:00:00,20.87,1.893,303.8,70.74,987.9774,0.0
2025-09-19 13:00:00,21.51,1.765,281.1,67.89,987.1987,0.0
2025-09-19 14:00:00,22.39,1.599,303.9,64.82,986.3689,0.0
2025-09-19 15:00:00,22.17,1.827,322.4,64.98,985.7671,0.0
2025-09-19 16:00:00,20.7,1.417,298.4,68.63,985.8911,0.0
2025-09-19 17:00:00,19.15,1.102,310.8,74.0,986.1821,0.0
2025-09-19 18:00:00,16.82,0.813,313.9,81.3,986.5909,0.0
2025-09-19 19:00:00,15.73,0.377,294.3,85.8,987.5131,0.0
2025-09-19 20:00:00,15.58,0.0,4.368,85.9,987.8585,0.0
2025-09-19 21:00:00,15.48,0.0,317.9,87.0,988.0755,0.0
2025-09-19 22:00:00,15.45,0.156,328.7,87.7,988.8215,0.0
2025-09-19 23:00:00,15.19,0.815,328.8,89.6,989.0075,0.0
2025-09-20 00:00:00,14.79,0.016,308.4,89.9,988.3665,0.0
2025-09-20 01:00:00,14.25,0.0,250.6,91.9,987.5756,0.0
2025-09-20 02:00:00,14.75,0.0,197.6,92.7,986.9854,0.0
2025-09-20 03:00:00,14.62,0.007,256.5,90.6,986.4882,0.0
2025-09-20 04:00:00,14.74,0.015,293.7,92.3,986.3608,0.0
2025-09-20 05:00:00,14.8,0.047,8.89,92.2,986.7875,0.0
2025-09-20 06:00:00,15.21,0.34,89.0,89.2,987.303,0.0
2025-09-20 07:00:00,15.09,0.575,275.2,89.9,987.9311,0.0
2025-09-20 08:00:00,15.31,0.145,315.6,89.6,988.5495,0.0
2025-09-20 09:00:00,17.23,0.871,303.4,81.6,988.3429,0.0
2025-09-20 10:00:00,19.11,1.76,284.9,75.47,988.0807,0.0
2025-09-20 11:00:00,19.81,1.85,298.2,72.51,987.5916,0.0
2025-09-20 12:00:00,20.82,2.036,267.8,68.37,986.6824,0.0
2025-09-20 13:00:00,21.28,2.396,322.4,66.42,985.9893,0.0
2025-09-20 14:00:00,22.36,2.269,316.5,63.18,985.1483,0.0
2025-09-20 15:00:00,21.98,1.824,268.3,64.11,984.6597,0.0
2025-09-20 16:00:00,20.02,1.312,299.9,69.53,985.1466,0.0
2025-09-20 17:00:00,17.74,1.378,312.6,76.07,985.8165,0.0
2025-09-20 18:00:00,16.74,0.544,326.4,79.61,986.4742,0.0
2025-09-20 19:00:00,15.95,0.166,6.787,82.0,987.2369,0.0
2025-09-20 20:00:00,15.84,0.126,71.16,82.8,988.0171,0.0
2025-09-20 21:00:00,15.68,0.35,306.5,83.1,988.4127,0.0
2025-09-20 22:00:00,15.62,0.686,276.8,83.9,988.6694,0.0
2025-09-20 23:00:00,15.37,0.897,241.0,84.5,988.7781,0.0
2025-09-21 00:00:00,15.16,0.42,315.3,85.5,987.9787,0.0
2025-09-21 01:00:00,14.95,0.52,263.1,86.6,987.0618,0.0
2025-09-21 02:00:00,14.65,0.83,322.1,87.7,986.3858,0.0
2025-09-21 03:00:00,14.5,0.307,303.5,88.5,986.1976,0.0
2025-09-21 04:00:00,14.46,0.0,248.8,88.6,985.8564,0.0
2025-09-21 05:00:00,13.92,0.0,261.3,89.7,985.875,0.0
2025-09-21 06:00:00,13.71,0.024,285.8,91.8,986.2677,0.0
2025-09-21 07:00:00,14.88,0.117,294.5,89.3,986.4407,0.0
2025-09-21 08:00:00,16.51,1.608,327.4,82.1,986.8624,0.0
2025-09-21 09:00:00,18.11,1.187,271.9,76.43,986.9631,0.0
2025-09-21 10:00:00,19.77,1.618,277.7,70.96,986.4449,0.0
2025-09-21 11:00:00,20.97,2.315,276.1,67.46,985.7025,0.0
2025-09-21 12:00:00,21.24,3.086,289.8,64.99,984.9052,0.0
2025-09-21 13:00:00,21.29,2.287,279.5,65.44,984.2356,0.0
2025-09-21 14:00:00,20.65,2.219,263.5,67.52,983.3961,0.0
2025-09-21 15:00:00,19.72,2.237,306.0,70.57,983.0787,0.0
2025-09-21 16:00:00,19.41,1.372,326.5,70.08,982.9871,0.0
2025-09-21 17:00:00,17.67,1.248,281.4,75.32,983.3531,0.0
2025-09-21 18:00:00,15.99,0.629,330.1,80.7,983.7733,0.0
2025-09-21 19:00:00,15.22,0.585,327.5,83.9,984.4404,0.0
2025-09-21 20:00:00,14.89,0.142,322.9,85.7,984.9504,0.0
2025-09-21 21:00:00,14.7,0.205,316.9,86.4,985.3274,0.0
2025-09-21 22:00:00,14.02,0.01,264.8,88.3,985.3442,0.0
2025-09-21 23:00:00,13.96,0.0,290.4,89.6,985.4907,0.0
2025-09-22 00:00:00,13.96,0.017,267.3,89.8,984.8239,0.0
2025-09-22 01:00:00,14.63,0.205,254.7,88.5,984.0071,0.0
2025-09-22 02:00:00,14.59,0.0,219.8,88.6,983.7666,0.0
2025-09-22 03:00:00,14.71,0.038,260.9,88.3,983.6048,0.0
2025-09-22 04:00:00,15.12,0.541,307.3,86.3,983.6365,0.0
2025-09-22 05:00:00,15.01,0.567,276.2,86.4,983.7607,0.0
2025-09-22 06:00:00,14.78,1.277,264.6,86.8,984.1854,0.0
2025-09-22 07:00:00,14.69,0.918,305.4,87.4,984.892,0.0
2025-09-22 08:00:00,15.08,0.71,271.6,86.4,985.3318,0.0
2025-09-22 09:00:00,15.77,0.462,342.9,83.8,985.6739,0.0
2025-09-22 10:00:00,16.7,0.821,231.4,79.38,985.9611,0.0
2025-09-22 11:00:00,17.91,1.273,347.9,75.5,985.5306,0.0
2025-09-22 12:00:00,20.56,1.802,300.9,67.09,984.762,0.0
2025-09-22 13:00:00,21.04,2.594,286.0,63.88,984.2812,0.0
2025-09-22 14:00:00,21.4,2.095,273.0,63.36,983.8383,0.0
2025-09-22 15:00:00,20.86,1.669,259.3,65.15,983.2794,0.0
2025-09-22 16:00:00,19.72,2.279,269.6,68.04,982.9867,0.0
2025-09-22 17:00:00,17.68,1.879,288.3,75.9,983.3217,0.0
2025-09-22 18:00:00,16.38,1.05,273.3,80.8,983.7333,0.0
2025-09-22 19:00:00,15.92,0.43,256.2,81.0,984.3466,0.0
2025-09-22 20:00:00,15.6,0.19,260.7,81.3,984.1462,0.0
2025-09-22 21:00:00,15.3,1.108,288.1,84.2,984.7699,0.0
2025-09-22 22:00:00,15.27,0.239,332.0,84.9,985.3156,0.0
2025-09-22 23:00:00,14.98,0.0,282.3,85.6,985.0016,0.0
2025-09-23 00:00:00,14.55,0.249,262.7,88.4,984.6324,0.0
2025-09-23 01:00:00,13.86,0.0,325.9,89.6,984.0259,0.0
2025-09-23 02:00:00,13.06,0.0,28.27,90.3,983.332,0.0
2025-09-23 03:00:00,12.88,0.0,22.57,90.9,982.8203,0.0
2025-09-23 04:00:00,12.7,0.0,173.7,91.7,983.0447,0.0
2025-09-23 05:00:00,12.75,0.0,80.4,92.6,983.2453,0.0
2025-09-23 06:00:00,12.65,0.0,63.74,92.9,983.8235,0.0
2025-09-23 07:00:00,14.5,0.784,266.5,93.0,984.6429,0.0
2025-09-23 08:00:00,15.09,0.072,281.9,91.0,985.2843,0.0
2025-09-23 09:00:00,16.08,0.943,274.5,86.0,985.3756,0.0
2025-09-23 10:00:00,16.79,1.004,236.4,83.3,985.7482,0.0
2025-09-23 11:00:00,18.27,1.486,332.0,78.17,985.699,0.0
2025-09-23 12:00:00,20.43,1.256,270.9,70.72,984.9716,0.0
2025-09-23 13:00:00,22.01,2.334,261.6,65.09,984.2841,0.0
2025-09-23 14:00:00,21.58,1.973,279.6,66.2,984.0233,0.0
2025-09-23 15:00:00,22.16,1.775,338.2,64.38,983.2866,0.0
2025-09-23 16:00:00,19.55,2.399,288.6,71.64,983.6673,0.0
2025-09-23 17:00:00,18.52,1.648,306.0,75.06,984.3527,0.0
2025-09-23 18:00:00,,,,,,
2025-09-23 19:00:00,,,,,,
2025-09-23 20:00:00,,,,,,
2025-09-23 21:00:00,,,,,,
2025-09-23 22:00:00,,,,,,
2025-09-23 23:00:00,,,,,,
2025-09-24 00:00:00,,,,,,
2025-09-24 01:00:00,,,,,,
2025-09-24 02:00:00,,,,,,
2025-09-24 03:00:00,,,,,,
2025-09-24 04:00:00,,,,,,
2025-09-24 05:00:00,,,,,,
2025-09-24 06:00:00,,,,,,
2025-09-24 07:00:00,,,,,,
2025-09-24 08:00:00,,,,,,
2025-09-24 09:00:00,,,,,,
