0.199751519;476.4433038;0.2;476
0.109422263;1121.141413;0.109;1121
0.158168894;44.07256092;0.158;44
0.187840556;618.2429689;0.188;618
0.13775398;489.4998485;0.138;489
0.189805441;687.2633645;0.19;687
0.121182353;1129.858537;0.121;1130
0.195230544;311.9841788;0.195;312
0.192487641;1033.799291;0.192;1034
0.110654166;620.4904123;0.111;620
0.132307439;1154.671812;0.132;1155
0.158809243;472.199429;0.159;472
0.181457617;415.0644944;0.181;415
0.192606614;498.985371;0.193;499
0.124984353;80.65337603;0.125;81
0.12073722;136.4872603;0.121;136
0.11961084;639.4682424;0.12;639
0.113249787;765.6974745;0.113;766
0.179365401;99.39290441;0.179;99
0.169049468;267.1774665;0.169;267
0.141243629;920.1971295;0.141;920
0.179536502;481.6595563;0.18;482
0.149230424;832.9287022;0.149;833
0.11129853;971.6492805;0.111;972
0.132116293;919.4617637;0.132;919
0.138764793;86.29607333;0.139;86
0.192112765;87.47374065;0.192;87
0.131064319;866.1190726;0.131;866
0.122653524;522.8544136;0.123;523
0.188134455;95.09593853;0.188;95
0.19450737;387.1132562;0.195;387
0.191858846;1278.498579;0.192;1278
0.178972848;641.9287483;0.179;642
0.178511624;997.7892894;0.179;998
0.156633311;378.8318357;0.157;379
0.184530039;173.3660057;0.185;173
0.170399171;960.2639301;0.17;960
0.129074767;77.74988714;0.129;78
0.185021524;392.1924327;0.185;392
0.169165984;1284.130453;0.169;1284
0.112176157;212.3071984;0.112;212
0.12713976;691.5728826;0.127;692
0.168791216;844.901778;0.169;845
0.131794087;1252.709604;0.132;1253
0.106525527;538.6930198;0.107;539
0.10438317;219.3431358;0.104;219
0.182109323;699.6728608;0.182;700
0.188439453;712.8599677;0.188;713
0.162431118;909.1958778;0.162;909
0.111400138;504.0792282;0.111;504
0.199633024;137.9502599;0.2;138
0.149067277;980.0761171;0.149;980
0.144358269;311.1555326;0.144;311
0.101988174;702.162112;0.102;702
0.117265269;393.4669438;0.117;393
0.110336179;1290.759973;0.11;1291
0.156263724;911.5445976;0.156;912
0.109754541;1095.681525;0.11;1096
0.180678322;1183.340097;0.181;1183
0.156845286;751.973788;0.157;752
0.153244885;992.4551027;0.153;992
0.162913702;1170.678072;0.163;1171
0.134188244;357.5373424;0.134;358
0.134896143;248.4569856;0.135;248
0.122518174;1115.227336;0.123;1115
0.142665861;1247.977198;0.143;1248
0.118884564;1065.977331;0.119;1066
0.109926167;193.031297;0.11;193
0.188717073;1065.570211;0.189;1066
0.10179711;101.0604771;0.102;101
0.129954819;498.9016757;0.13;499
0.136081244;999.0926857;0.136;999
0.14886998;814.6669508;0.149;815
0.170154024;613.2136841;0.17;613
0.103845728;139.7589233;0.104;140
0.128365759;598.0818682;0.128;598
0.122565282;829.4296913;0.123;829
0.117934512;409.4021752;0.118;409
0.196895493;1182.98296;0.197;1183
0.161030119;511.6809853;0.161;512
0.102648037;29.21881345;0.103;29
0.181107434;1278.502735;0.181;1279
0.191254508;298.0375928;0.191;298
0.126565087;885.7528665;0.127;886
0.150219847;274.3394777;0.15;274
0.146329635;894.8912701;0.146;895
0.114780694;759.7906268;0.115;760
0.112260889;28.20535766;0.112;28
0.131232268;1108.04423;0.131;1108
0.192632374;1147.613293;0.193;1148
0.191038384;665.9460491;0.191;666
0.1884402;962.5478434;0.188;963
0.180293144;582.1892299;0.18;582
0.151453961;31.88778116;0.151;32
0.17980725;128.5159737;0.18;129
0.137161403;897.2903597;0.137;897
0.120994023;1061.887788;0.121;1062
0.173687643;530.0035741;0.174;530
0.104107832;118.3875067;0.104;118
0.133753888;456.9832791;0.134;457
0.168170649;410.0573114;0.168;410
0.110520763;683.1332858;0.111;683
0.150212829;954.3368309;0.15;954
0.112960822;783.7236818;0.113;784
0.132715882;334.7770105;0.133;335
0.181053743;31.51489781;0.181;32
0.133853127;710.0677384;0.134;710
0.182767153;793.4262215;0.183;793
0.166708611;34.23965772;0.167;34
0.118395055;597.150042;0.118;597
0.162046222;534.6787213;0.162;535
0.107522481;896.3617214;0.108;896
0.180141229;60.05874393;0.18;60
0.188968488;81.50444459;0.189;82
0.159466599;686.8472228;0.159;687
0.116922737;761.8112145;0.117;762
0.123581934;79.18683083;0.124;79
0.104205251;456.4772993;0.104;456
0.139272755;1000.401831;0.139;1000
0.127484564;1216.740957;0.127;1217
0.138376429;533.5027357;0.138;534
0.164891754;930.036837;0.165;930
0.155002853;415.7232912;0.155;416
0.100995394;396.4583857;0.101;396
0.148375526;625.1639157;0.148;625
0.178585365;585.3867376;0.179;585
0.112554945;680.3374093;0.113;680
0.148677626;1064.570325;0.149;1065
0.18236552;1292.213243;0.182;1292
0.179829422;401.8368335;0.18;402
0.162117051;67.05836616;0.162;67
0.139251985;962.1663177;0.139;962
0.168262659;1111.508472;0.168;1112
0.18753805;47.05277602;0.188;47
0.144537848;781.782529;0.145;782
0.170071542;650.2311262;0.17;650
0.197382631;1122.983377;0.197;1123
0.129830318;948.5145263;0.13;949
0.126427591;427.3371808;0.126;427
0.108537445;619.7838627;0.109;620
0.131074175;841.7350534;0.131;842
0.154152856;294.3902276;0.154;294
0.1026368;1207.626862;0.103;1208
0.111045059;240.3819771;0.111;240
0.138727406;1076.402882;0.139;1076
0.125248771;608.2957957;0.125;608
0.177185927;767.6481534;0.177;768
0.136025204;1194.502946;0.136;1195
0.156348998;1126.3243;0.156;1126
0.180703092;191.1979081;0.181;191
0.113084963;749.1348138;0.113;749
0.152800983;71.84164024;0.153;72
0.145042445;1198.677792;0.145;1199
0.15985975;394.0894908;0.16;394
0.166614568;884.2159801;0.167;884
0.123526113;1153.533599;0.124;1154
0.171151551;818.6327989;0.171;819
0.137782724;287.2600143;0.138;287
0.196135469;265.5906496;0.196;266
0.110321189;797.3444345;0.11;797
0.187021506;597.7135717;0.187;598
0.188681848;722.4014753;0.189;722
0.192472503;979.0622607;0.192;979
0.159991902;79.07692153;0.16;79
0.106512997;757.7126046;0.107;758
0.167239146;56.75944306;0.167;57
0.152288833;186.6730882;0.152;187
0.110014117;363.4483915;0.11;363
0.192753277;112.9647054;0.193;113
0.174116884;1040.460176;0.174;1040
0.132977181;1235.894435;0.133;1236
0.153920624;549.3171516;0.154;549
0.191273398;925.4092083;0.191;925
0.141298298;223.2746088;0.141;223
0.167844076;795.8632469;0.168;796
0.125620341;513.2184867;0.126;513
0.198946377;774.2174874;0.199;774
0.1973661;405.0075848;0.197;405
0.139355554;795.6314929;0.139;796
0.141805126;831.053834;0.142;831
0.198689531;1051.732306;0.199;1052
0.179997973;870.0054641;0.18;870
0.100413407;519.5998996;0.1;520
0.140360993;855.1896691;0.14;855
0.170238154;555.1577819;0.17;555
0.161880675;1127.788583;0.162;1128
0.140571184;39.73660481;0.141;40
0.158037035;1211.302676;0.158;1211
0.170282458;872.486784;0.17;872
0.110596342;1157.084878;0.111;1157
0.139614794;668.433321;0.14;668
0.125748178;489.4205961;0.126;489
0.161567132;50.09770473;0.162;50
0.157339338;310.937579;0.157;311
0.137504668;766.4518999;0.138;766
0.115914676;631.8466665;0.116;632
0.140279139;60.74440997;0.14;61
0.116221183;488.6888008;0.116;489
0.107781106;668.9790528;0.108;669
0.103708724;248.8016804;0.104;249
0.197835329;1073.999199;0.198;1074
0.178920642;597.1067802;0.179;597
0.113433622;1136.51334;0.113;1137
0.161702958;1102.873025;0.162;1103
0.145775657;114.1394695;0.146;114
0.188304121;431.2600373;0.188;431
0.127531381;1215.575273;0.128;1216
0.145804363;1274.187811;0.146;1274
0.145353407;822.8268784;0.145;823
0.136754722;1010.102605;0.137;1010
0.182604245;1189.12488;0.183;1189
0.196838994;298.9919725;0.197;299
0.189149176;1219.156709;0.189;1219
0.193875014;252.1002979;0.194;252
0.172253671;405.5298344;0.172;406
0.122310952;161.8419395;0.122;162
0.163260784;1162.729553;0.163;1163
0.104315483;720.7386403;0.104;721
0.153870824;99.20277636;0.154;99
0.178514269;1126.319563;0.179;1126
0.136608746;788.1304124;0.137;788
0.137023203;122.6019646;0.137;123
0.163090984;1295.041404;0.163;1295
0.137536741;259.8758181;0.138;260
0.129140104;117.5474867;0.129;118
0.174991178;1211.705493;0.175;1212
0.110597642;974.4539102;0.111;974
0.190437825;968.9101346;0.19;969
0.19609885;962.038098;0.196;962
0.145990173;182.1736552;0.146;182
0.172212884;573.1750937;0.172;573
0.112542059;527.3912137;0.113;527
0.19016005;765.4179635;0.19;765
0.141190696;874.8395558;0.141;875
0.121655313;108.7654804;0.122;109
0.116943241;774.1247479;0.117;774
0.105774999;431.2751033;0.106;431
0.122617932;954.2283152;0.123;954
0.102611681;1096.351751;0.103;1096
0.187748433;1105.410933;0.188;1105
0.141355963;207.1533111;0.141;207
0.131950285;319.3332321;0.132;319
0.115690294;231.8994737;0.116;232
0.143779474;508.9895233;0.144;509
0.132643983;414.2287168;0.133;414
0.137253206;1208.64075;0.137;1209
0.183095637;839.3150454;0.183;839
0.122978865;632.6147863;0.123;633
0.15754111;136.6298589;0.158;137
0.185777811;414.3380432;0.186;414
0.119895721;394.5598472;0.12;395
0.194227256;105.5934479;0.194;106
0.145727691;76.52678292;0.146;77
0.1361206;93.27994584;0.136;93
0.162615571;639.1795041;0.163;639
0.15090102;14.0601352;0.151;14
0.142951667;387.0042182;0.143;387
0.183047149;1282.01813;0.183;1282
0.106753067;1063.364824;0.107;1063
0.179238399;1090.445193;0.179;1090
0.183246939;920.9769247;0.183;921
0.184532195;230.7767113;0.185;231
0.194052657;13.26704005;0.194;13
0.110891808;1278.522673;0.111;1279
0.132567467;319.8948785;0.133;320
0.134412211;177.5485083;0.134;178
0.1573637;566.5937055;0.157;567
0.193598821;484.2827288;0.194;484
0.151573587;950.3010368;0.152;950
0.188589871;973.2081975;0.189;973
0.181963414;1260.780814;0.182;1261
0.174308758;903.3802227;0.174;903
0.180001844;1002.479425;0.18;1002
0.16513128;92.72925832;0.165;93
0.179360812;117.4790575;0.179;117
0.165836732;216.4978949;0.166;216
0.176017183;726.7696932;0.176;727
0.184371025;812.7893124;0.184;813
0.140335917;1165.153046;0.14;1165
0.140332915;997.0873489;0.14;997
0.128432212;997.5330482;0.128;998
0.199396623;721.1393711;0.199;721
0.182422304;1154.933946;0.182;1155
0.171577445;629.2186762;0.172;629
0.182875604;909.2558894;0.183;909
0.187771475;22.93753925;0.188;23
0.179298146;775.7212697;0.179;776
0.165189245;1295.72308;0.165;1296
0.186628428;540.200221;0.187;540
0.104501916;1233.787446;0.105;1234
0.139101495;1044.85826;0.139;1045
0.174753058;561.189851;0.175;561
0.130343915;1036.546486;0.13;1037
0.182497551;1171.218087;0.182;1171
0.170304815;706.8265515;0.17;707
0.197101581;1274.603541;0.197;1275
0.108330758;60.1682548;0.108;60
0.134446966;693.18405;0.134;693
0.143478326;56.33381332;0.143;56
0.102281549;1196.499563;0.102;1196
0.128617315;647.3775521;0.129;647
0.115062319;383.8393208;0.115;384
0.160188132;1042.253807;0.16;1042
0.159938633;971.3581595;0.16;971
0.195884891;1184.590908;0.196;1185
0.100516565;1273.839091;0.101;1274
0.182348148;602.0723318;0.182;602
0.167540015;462.7069748;0.168;463
0.150932333;671.4244299;0.151;671
0.151036993;468.6681159;0.151;469
0.134316965;847.8259824;0.134;848
0.116659238;1222.300471;0.117;1222
0.110429503;1294.300684;0.11;1294
0.143147761;700.9230867;0.143;701
0.137327818;485.8732131;0.137;486
0.131829651;995.7013672;0.132;996
0.137487838;297.7471992;0.137;298
0.174463191;631.5426868;0.174;632
0.199469407;965.5247573;0.199;966
0.126577708;840.1886759;0.127;840
0.104359787;1026.765862;0.104;1027
0.172637053;230.1550965;0.173;230
0.115792149;568.542153;0.116;569
0.192291467;850.0731372;0.192;850
0.148042501;146.1315762;0.148;146
0.154951562;934.2239866;0.155;934
0.155231311;521.7811139;0.155;522
0.190148039;348.9909868;0.19;349
0.117936438;1180.068108;0.118;1180
0.11972755;338.664092;0.12;339
0.109279636;861.9541818;0.109;862
0.133606882;863.0970604;0.134;863
0.167104184;857.0084152;0.167;857
0.164762873;767.9941909;0.165;768
0.164855171;463.2058691;0.165;463
0.131888157;1233.465993;0.132;1233
0.165538826;376.9200039;0.166;377
0.181348349;765.7439984;0.181;766
0.148798198;1260.854375;0.149;1261
0.182395037;822.9881042;0.182;823
0.107698053;935.7725188;0.108;936
0.141116905;1015.715076;0.141;1016
0.186086879;744.0823846;0.186;744
0.100179428;755.6672486;0.1;756
0.181611397;828.7415504;0.182;829
0.189824112;911.0328772;0.19;911
0.177352319;1110.429053;0.177;1110
0.157184503;673.1434128;0.157;673
0.126175666;808.5683648;0.126;809
0.124606305;208.4838423;0.125;208
0.153457746;156.8111344;0.153;157
0.197012955;1255.961994;0.197;1256
0.100679503;1161.804381;0.101;1162
0.13073071;324.2286406;0.131;324
0.148923878;773.133459;0.149;773
0.191866157;1020.645377;0.192;1021
0.185866737;845.9885435;0.186;846
0.12591995;422.3958182;0.126;422
0.104428766;174.296106;0.104;174
0.147667896;511.1620449;0.148;511
0.181127247;328.3847958;0.181;328
0.118181262;1270.107944;0.118;1270
0.172876242;139.3867651;0.173;139
0.129391715;267.430791;0.129;267
0.168285655;429.3167913;0.168;429
0.136834787;156.6023114;0.137;157
0.135348412;978.1829156;0.135;978
0.139341755;1253.102923;0.139;1253
0.117362589;797.3600326;0.117;797
0.112081042;1069.067318;0.112;1069
0.139822222;96.71065164;0.14;97
0.110098404;379.4219947;0.11;379
0.162257488;1191.700267;0.162;1192
0.165600878;1011.469702;0.166;1011
0.160503436;536.5767855;0.161;537
0.138394318;749.8026505;0.138;750
0.133753486;475.6052842;0.134;476
0.157011764;985.7242358;0.157;986
0.129671996;285.6819515;0.13;286
0.136453544;933.5577732;0.136;934
0.187573838;1207.148137;0.188;1207
0.199039924;161.4829886;0.199;161
0.186848325;866.7488764;0.187;867
0.122538854;315.2593949;0.123;315
0.114220452;1141.154144;0.114;1141
0.143727405;228.6534274;0.144;229
0.170289185;577.2824991;0.17;577
0.124030611;300.6417005;0.124;301
0.1836264;964.1267759;0.184;964
0.103732073;841.8437541;0.104;842
0.16186318;721.4445354;0.162;721
0.117148203;683.1872611;0.117;683
0.16360121;977.2395425;0.164;977
0.101315556;100.5692441;0.101;101
0.195601271;20.03944879;0.196;20
0.196645131;1054.631031;0.197;1055
0.17306657;777.2541289;0.173;777
0.183694561;914.1956043;0.184;914
0.179696445;780.5456612;0.18;781
0.19661568;592.2805677;0.197;592
0.159444214;65.19979884;0.159;65
0.180143302;568.4398057;0.18;568
0.176575875;1067.939462;0.177;1068
0.128923307;773.9411713;0.129;774
0.195092337;376.3582281;0.195;376
0.112870918;1118.798963;0.113;1119
0.126981194;923.8817849;0.127;924
0.193870575;689.1069721;0.194;689
0.155991552;577.3240969;0.156;577
0.134988857;582.597777;0.135;583
0.194593047;695.4443404;0.195;695
0.199318783;194.290974;0.199;194
0.127356069;1263.607023;0.127;1264
0.12305631;798.8173517;0.123;799
0.196437249;744.4758237;0.196;744
0.103235378;325.2347806;0.103;325
0.135135565;927.1431846;0.135;927
0.181247646;325.60412;0.181;326
0.128677914;101.620202;0.129;102
0.149589287;1030.632256;0.15;1031
0.110138484;649.5475401;0.11;650
0.168575307;23.16592572;0.169;23
0.131854116;1245.713343;0.132;1246
0.148516631;737.6251178;0.149;738
0.156010377;1291.806021;0.156;1292
0.179705007;969.7912577;0.18;970
0.144106653;1020.663133;0.144;1021
0.138164313;813.7230622;0.138;814
0.125766235;410.2212734;0.126;410
0.193431303;179.9975596;0.193;180
0.198770189;387.6381438;0.199;388
0.148198204;749.4777738;0.148;749
0.187631092;970.6443528;0.188;971
0.191807544;322.2584694;0.192;322
0.11982974;1124.389121;0.12;1124
0.125283262;490.4418799;0.125;490
0.194390471;1088.2618;0.194;1088
0.123639986;1102.985855;0.124;1103
0.196174055;562.4677036;0.196;562
0.198343685;649.8553552;0.198;650
0.142802863;1070.586541;0.143;1071
0.126431618;439.345609;0.126;439
0.137621862;413.1286085;0.138;413
0.147630387;363.3084117;0.148;363
0.162567911;1211.385178;0.163;1211
0.161611743;387.9421364;0.162;388
0.130370035;17.35026327;0.13;17
0.153277893;1159.096486;0.153;1159
0.135665052;1226.790113;0.136;1227
0.12628163;1227.825364;0.126;1228
0.16619672;894.1954893;0.166;894
0.114807334;117.6406617;0.115;118
0.161130996;1188.462328;0.161;1188
0.137838077;1179.369124;0.138;1179
0.132084892;325.1399103;0.132;325
0.117381818;857.9390628;0.117;858
0.101393785;583.9451002;0.101;584
0.176504983;1073.526913;0.177;1074
0.171325346;1003.944592;0.171;1004
0.143478325;1052.07333;0.143;1052
0.125527881;135.9001009;0.126;136
0.193685288;426.8083094;0.194;427
0.148616657;681.5040312;0.149;682
0.139373174;180.4612731;0.139;180
0.18209777;610.9919614;0.182;611
0.131393415;655.7123099;0.131;656
0.143721144;1014.81274;0.144;1015
0.132430981;401.6629675;0.132;402
0.122548255;1168.897284;0.123;1169
0.124302499;317.6740417;0.124;318
0.138546958;1086.620185;0.139;1087
0.137405441;741.3559721;0.137;741
0.128613565;814.5650527;0.129;815
0.13474332;110.7694328;0.135;111
0.150164891;765.0253022;0.15;765
0.173555211;400.0409264;0.174;400
0.181895785;33.41928493;0.182;33
0.143858791;98.97483228;0.144;99
0.173840972;187.5652329;0.174;188
0.158998095;1211.432605;0.159;1211
0.171232274;160.6449718;0.171;161
0.158256149;752.664675;0.158;753
0.190474778;1099.522795;0.19;1100
0.176425878;510.3771683;0.176;510
0.15553396;40.55990334;0.156;41
0.174879218;844.351348;0.175;844
0.160909446;388.2698481;0.161;388
0.144163087;587.3566288;0.144;587
0.100285526;925.17677;0.1;925
0.1666891;1194.97628;0.167;1195
0.138374185;1150.585501;0.138;1151
0.175189315;1183.556583;0.175;1184
0.100948758;1064.817459;0.101;1065
0.191334685;726.0695062;0.191;726
0.193438717;504.1180263;0.193;504
0.178727811;75.98681703;0.179;76
0.151415816;927.8038075;0.151;928
0.195518651;524.5813873;0.196;525
0.142274575;875.5331833;0.142;876
0.198361624;14.44046957;0.198;14
0.139512953;669.2948089;0.14;669
0.168901591;186.3761971;0.169;186
0.140637769;1071.139217;0.141;1071
0.111414757;335.2383592;0.111;335
0.19848413;405.4356477;0.198;405
0.158243617;357.1984994;0.158;357
0.153801123;747.5233837;0.154;748
0.190176044;589.3905579;0.19;589
0.10515563;307.507894;0.105;308
0.159354387;956.087281;0.159;956
0.150380318;145.2466723;0.15;145
0.147376721;1297.783125;0.147;1298
0.170714113;376.2956846;0.171;376
0.142591088;1191.272472;0.143;1191
0.15000704;806.8985468;0.15;807
0.175357954;454.6794699;0.175;455
0.123819286;1048.926194;0.124;1049
0.120268052;345.4902568;0.12;345
0.132779251;286.9201122;0.133;287
0.111273395;1093.118408;0.111;1093
0.198568169;44.16228206;0.199;44
0.182128754;1294.77433;0.182;1295
0.109459306;822.5183009;0.109;823
0.173852614;732.8552709;0.174;733
0.14192626;651.3565394;0.142;651
0.121992109;844.023154;0.122;844
0.139870887;680.4330263;0.14;680
0.169818204;770.1939251;0.17;770
0.163115757;537.51868;0.163;538
0.189729261;1066.523451;0.19;1067
0.119111943;683.9702402;0.119;684
0.196804712;640.7366484;0.197;641
0.125314339;1138.958903;0.125;1139
0.141213975;74.4478312;0.141;74
0.163642505;951.1377485;0.164;951
0.117601296;1204.491534;0.118;1204
0.134410094;455.2083807;0.134;455
0.156587409;243.1369495;0.157;243
0.144449053;956.3844019;0.144;956
0.103727439;1121.754134;0.104;1122
0.106771144;393.7146198;0.107;394
0.195583441;1140.189269;0.196;1140
0.190689332;716.0925281;0.191;716
0.121459687;380.05471;0.121;380
0.112192754;581.0983186;0.112;581
0.100468753;188.8259849;0.1;189
0.10865534;657.4323451;0.109;657
0.11702955;246.796616;0.117;247
0.123058508;1289.567828;0.123;1290
0.171346432;149.8476968;0.171;150
0.180090354;384.2841175;0.18;384
0.188666844;617.862652;0.189;618
0.100606356;231.9963027;0.101;232
0.196776669;98.82849636;0.197;99
0.161876204;966.2050388;0.162;966
0.137642236;1056.503489;0.138;1057
0.170330769;624.032413;0.17;624
0.184994018;76.91523963;0.185;77
0.124198045;796.9662591;0.124;797
0.11425751;873.5540872;0.114;874
0.1513774;994.9677954;0.151;995
0.116445894;1058.914434;0.116;1059
0.120534203;420.8861479;0.121;421
0.17030029;242.7985468;0.17;243
0.176722847;911.8858386;0.177;912
0.113950368;1021.485958;0.114;1021
0.144936755;33.01348846;0.145;33
0.154540284;563.5348464;0.155;564
0.127003424;182.2954353;0.127;182
0.118867732;766.5675993;0.119;767
0.167751527;277.4989496;0.168;277
0.185232047;1136.545255;0.185;1137
0.151132085;890.7154062;0.151;891
0.189725918;1231.304072;0.19;1231
0.179083388;293.7594598;0.179;294
0.155888509;1057.479896;0.156;1057
0.117078587;322.3744411;0.117;322
0.147104795;1302.452578;0.147;1302
0.145426025;82.36978249;0.145;82
0.181195379;213.1680816;0.181;213
0.185782178;196.9011644;0.186;197
0.131640397;1146.749495;0.132;1147
0.137088649;352.7592035;0.137;353
0.121421643;557.9994379;0.121;558
0.191412991;50.28299375;0.191;50
0.109492633;732.4200244;0.109;732
0.193224514;1184.098913;0.193;1184
0.170349639;741.7041717;0.17;742
0.103760613;75.82377542;0.104;76
0.120514403;1057.4926;0.121;1057
0.154687352;14.26299042;0.155;14
0.119154797;914.3727749;0.119;914
0.11669525;1099.098024;0.117;1099
0.100900582;799.4952948;0.101;799
0.108538083;393.3030219;0.109;393
0.17965282;907.8311144;0.18;908
0.142905862;905.9348256;0.143;906
0.13245533;201.2622612;0.132;201
0.113833345;577.6474934;0.114;578
0.185414024;276.376618;0.185;276
0.163355997;68.60281009;0.163;69
0.161735413;722.3106391;0.162;722
0.113395335;40.42981214;0.113;40
0.106115434;478.0074515;0.106;478
0.198327374;940.7941582;0.198;941
0.112055135;1072.175609;0.112;1072
0.160770857;1088.046476;0.161;1088
0.131606984;1257.456577;0.132;1257
0.172355885;356.2751442;0.172;356
0.101756175;275.1286414;0.102;275
0.13617532;856.9869744;0.136;857
0.105202303;836.3514253;0.105;836
0.103549011;633.1293551;0.104;633
0.124147836;191.4160648;0.124;191
0.102152511;570.1334391;0.102;570
0.126860041;1015.690933;0.127;1016
0.101476666;585.1261069;0.101;585
0.185109837;1002.098904;0.185;1002
0.123606485;206.0963788;0.124;206
0.150862773;805.5996609;0.151;806
0.145654726;147.8232671;0.146;148
0.164021087;1228.771474;0.164;1229
0.139107101;951.3749496;0.139;951
0.131949014;1195.491752;0.132;1195
0.10388459;523.2606811;0.104;523
0.148020666;1161.371187;0.148;1161
0.180201909;551.9149154;0.18;552
0.58608781;111.2822078;0.586;111
0.425002151;137.0086252;0.425;137
0.53450337;101.1372642;0.535;101
0.316878633;126.4340257;0.317;126
0.473944091;76.29117343;0.474;76
0.302667442;25.90437059;0.303;26
0.460322865;139.086552;0.46;139
0.43125025;102.349304;0.431;102
0.514929542;76.40843843;0.515;76
0.422936223;140.8661551;0.423;141
0.549989402;95.66947612;0.55;96
0.464978814;68.2527327;0.465;68
0.488184361;60.77109681;0.488;61
0.354945166;57.63066492;0.355;58
0.581747227;61.31989451;0.582;61
0.396172504;33.19518102;0.396;33
0.414096765;72.83190104;0.414;73
0.53404318;43.23414825;0.534;43
0.411537723;107.8759147;0.412;108
0.517385377;69.36024896;0.517;69
0.540369136;152.6341575;0.54;153
0.546558553;50.80948917;0.547;51
0.511399596;91.51874245;0.511;92
0.271717727;94.18705054;0.272;94
0.274926583;90.63181261;0.275;91
0.360951372;93.00474038;0.361;93
0.203359266;123.7876431;0.203;124
0.474960212;35.34769998;0.475;35
0.595484125;122.6434524;0.595;123
0.41226259;150.8560614;0.412;151
0.246749962;35.51141338;0.247;36
0.260415985;102.7011886;0.26;103
0.28657843;105.8860212;0.287;106
0.445584367;60.47149525;0.446;60
0.589594069;116.1972185;0.59;116
0.526301077;73.90299735;0.526;74
0.578954586;41.12575286;0.579;41
0.551941759;60.45746609;0.552;60
0.428303182;96.88066592;0.428;97
0.502491776;92.53124141;0.502;93
0.515143468;67.00907332;0.515;67
0.459934821;126.7484899;0.46;127
0.496205287;71.87466864;0.496;72
0.371212734;91.85566921;0.371;92
0.316908631;90.84849577;0.317;91
0.56722058;137.1934065;0.567;137
0.591837272;110.1406189;0.592;110
0.325828196;84.93555208;0.326;85
0.401245958;25.90362581;0.401;26
0.275047651;83.29849616;0.275;83
0.514871063;16.0522788;0.515;16
0.497750553;44.41647675;0.498;44
0.295332963;58.46679734;0.295;58
0.467195554;35.25533206;0.467;35
0.377896369;75.71425655;0.378;76
0.520868858;64.2111711;0.521;64
0.242125841;78.27081222;0.242;78
0.346312934;107.1081089;0.346;107
0.21978249;21.86537804;0.22;22
0.583340344;25.92603592;0.583;26
0.489823568;33.77069517;0.49;34
0.212771666;71.0457208;0.213;71
0.265538057;127.527399;0.266;128
0.315631861;62.0479966;0.316;62
0.231911638;138.2083842;0.232;138
0.573361748;119.1228966;0.573;119
0.52911423;134.0619182;0.529;134
0.464429134;81.38518244;0.464;81
0.537134792;47.91391896;0.537;48
0.504008049;130.5033945;0.504;131
0.204350968;44.37925598;0.204;44
0.517892143;20.30891424;0.518;20
0.406374463;72.52227768;0.406;73
0.29664989;142.266515;0.297;142
0.282783019;45.58461412;0.283;46
0.421423864;68.1927664;0.421;68
0.226781656;18.80136864;0.227;19
0.423617272;49.14865744;0.424;49
0.595064098;137.2230816;0.595;137
0.505665834;86.32706877;0.506;86
0.392727764;65.2292625;0.393;65
0.44018841;64.30950086;0.44;64
0.235883293;45.34275428;0.236;45
0.502594714;122.0167216;0.503;122
0.425454809;106.1625312;0.425;106
0.389371092;31.46093936;0.389;31
0.472861952;76.67614504;0.473;77
0.237840865;79.49846641;0.238;79
0.394590765;72.22120423;0.395;72
0.370406513;151.9171201;0.37;152
0.389245708;12.34313378;0.389;12
0.406643061;99.90589367;0.407;100
0.369207909;150.0694375;0.369;150
0.572109177;151.5532003;0.572;152
0.3262127;139.9413421;0.326;140
0.284891529;61.07014811;0.285;61
0.586923703;126.6521618;0.587;127
0.421168957;138.050116;0.421;138
0.547120989;56.3923898;0.547;56
0.424589898;125.4988367;0.425;125
0.534071205;101.39433;0.534;101
0.271931236;124.767164;0.272;125
0.594822173;152.7526578;0.595;153
0.50350629;54.60958385;0.504;55
0.590398689;154.6669385;0.59;155
0.543567973;28.01873874;0.544;28
0.486364084;33.49723507;0.486;33
0.287972338;55.06649448;0.288;55
0.522381461;35.1971625;0.522;35
0.564471458;17.35396169;0.564;17
0.580490582;21.23992057;0.58;21
0.401567752;67.71592585;0.402;68
0.5043841;143.3691674;0.504;143
0.2817572;39.35399936;0.282;39
0.285137557;149.9966514;0.285;150
0.532099985;134.6104323;0.532;135
0.214344087;91.85821536;0.214;92
0.487639098;128.9384517;0.488;129
0.415816265;123.5258704;0.416;124
0.584053398;26.75616475;0.584;27
0.455996231;96.96350165;0.456;97
0.391849463;86.41035511;0.392;86
0.395105334;33.0983968;0.395;33
0.215333945;77.15119138;0.215;77
0.477124462;43.81192754;0.477;44
0.585039385;106.8323469;0.585;107
0.406153985;119.5593787;0.406;120
0.599993202;28.13935435;0.6;28
0.384526617;136.9240564;0.385;137
0.283050287;59.25433773;0.283;59
0.53479463;85.32223611;0.535;85
0.559073564;98.18720188;0.559;98
0.32918113;53.50142067;0.329;54
0.560931023;99.12909445;0.561;99
0.439917272;38.37387964;0.44;38
0.558472091;52.85015231;0.558;53
0.595699325;90.56401398;0.596;91
0.414977279;66.85804154;0.415;67
0.328442388;20.91608838;0.328;21
0.293580068;91.73272971;0.294;92
0.56914862;27.22656657;0.569;27
0.593417978;135.1340562;0.593;135
0.457985879;63.9402047;0.458;64
0.286373653;76.75411162;0.286;77
0.284116442;67.808601;0.284;68
0.390347308;104.8434828;0.39;105
0.510549316;126.1054432;0.511;126
0.267648655;111.5817379;0.268;112
0.410881098;61.68429275;0.411;62
0.346260078;41.76316;0.346;42
0.565360164;27.13622776;0.565;27
0.573124036;31.66547705;0.573;32
0.263749718;14.51595706;0.264;15
0.313868801;24.22761968;0.314;24
0.302199358;105.7687289;0.302;106
0.445694334;113.5996141;0.446;114
0.233389695;72.12242967;0.233;72
0.233218868;27.18099147;0.233;27
0.312975015;140.7795791;0.313;141
0.445042887;85.70053545;0.445;86
0.364622575;57.28476145;0.365;57
0.487586641;79.77408688;0.488;80
0.36018816;12.43615384;0.36;12
0.551808083;97.21112856;0.552;97
0.469259134;141.9402262;0.469;142
0.458923809;124.045468;0.459;124
0.561429419;14.34846568;0.561;14
0.428789858;134.1290861;0.429;134
0.257132184;123.5529573;0.257;124
0.325291745;145.4243986;0.325;145
0.494395056;30.8121974;0.494;31
0.555706717;141.389301;0.556;141
0.354935273;86.92294296;0.355;87
0.444234851;115.2847247;0.444;115
0.2934145;106.1520531;0.293;106
0.588435774;88.12778423;0.588;88
0.515075034;51.89168136;0.515;52
0.316425628;82.05888271;0.316;82
0.365006658;37.48442417;0.365;37
0.46127719;108.8809909;0.461;109
0.432152441;52.81524272;0.432;53
0.310367125;23.40508449;0.31;23
0.506148446;104.1507088;0.506;104
0.463597371;125.9220016;0.464;126
0.584474438;30.4855591;0.584;30
0.360084664;84.28969016;0.36;84
0.50093572;74.86186188;0.501;75
0.438543066;120.0188345;0.439;120
0.374677261;138.3525869;0.375;138
0.30728159;118.1772123;0.307;118
0.274030149;95.2297454;0.274;95
0.482960922;100.3911278;0.483;100
0.522542791;59.82032732;0.523;60
0.471439073;116.2456298;0.471;116
0.261107494;80.60939669;0.261;81
0.585235107;135.4591406;0.585;135
0.515429913;131.4407908;0.515;131
0.597295296;24.70920778;0.597;25
0.515366647;151.4129451;0.515;151
0.482923122;15.74589188;0.483;16
0.436357298;153.1125838;0.436;153
0.296825102;25.35720291;0.297;25
0.342838863;124.6346329;0.343;125
0.490204298;23.3452773;0.49;23
0.493956575;74.40378387;0.494;74
0.565333484;40.52922241;0.565;41
0.279662188;13.78126133;0.28;14
0.549339495;150.2374189;0.549;150
0.416916352;108.075729;0.417;108
0.335376966;82.90399871;0.335;83
0.386498847;40.80374138;0.386;41
0.20542976;55.27496305;0.205;55
0.558449774;33.45652534;0.558;33
0.491994476;130.6460292;0.492;131
0.232883971;104.3774145;0.233;104
0.259046756;77.16289219;0.259;77
0.486417856;29.72507562;0.486;30
0.342837302;41.32567376;0.343;41
0.280132839;87.58158425;0.28;88
0.473427303;148.7053713;0.473;149
0.571993889;98.92383088;0.572;99
0.245459325;21.1090389;0.245;21
0.487723036;30.85952477;0.488;31
0.289977917;67.76795421;0.29;68
0.353589733;29.05505799;0.354;29
0.549642608;146.0155167;0.55;146
0.4996367;62.99265942;0.5;63
0.252602117;76.76320935;0.253;77
0.461930844;81.24991141;0.462;81
0.42638307;84.36424395;0.426;84
0.563095014;36.21104875;0.563;36
0.547059503;149.4924708;0.547;149
0.369041192;100.3404756;0.369;100
0.203335629;111.0688876;0.203;111
0.229922127;135.812336;0.23;136
0.328894554;104.5705332;0.329;105
0.214440372;37.39591216;0.214;37
0.366426877;135.4409566;0.366;135
0.212918376;129.0716468;0.213;129
0.438316038;55.4252379;0.438;55
0.38287929;58.35531807;0.383;58
0.243294236;100.158928;0.243;100
0.246018398;27.52909214;0.246;28
0.237821734;64.0624639;0.238;64
0.504729442;50.59630193;0.505;51
0.546010993;142.7732158;0.546;143
0.279240444;16.74013859;0.279;17
0.496805567;132.7656581;0.497;133
0.243195752;81.56189418;0.243;82
0.30944529;62.44575716;0.309;62
0.448578888;66.70970995;0.449;67
0.384620381;62.10542726;0.385;62
0.230921243;36.79423202;0.231;37
0.373268256;123.6982332;0.373;124
0.317349762;116.7162073;0.317;117
0.580508038;51.55389074;0.581;52
0.24393773;114.31207;0.244;114
0.284229886;51.4087672;0.284;51
0.563616772;80.43050402;0.564;80
0.520742108;103.7814259;0.521;104
0.290736874;33.65237767;0.291;34
0.352658852;144.3981028;0.353;144
0.288188409;133.1388742;0.288;133
0.30508147;105.8772197;0.305;106
0.324004036;138.186613;0.324;138
0.510762097;18.53787102;0.511;19
0.587157565;123.8578486;0.587;124
0.327664905;122.115041;0.328;122
0.530185419;111.0693648;0.53;111
0.26213799;136.6526282;0.262;137
0.246611106;83.37649555;0.247;83
0.251661846;109.9311824;0.252;110
0.409105084;146.3571687;0.409;146
0.225721236;69.32967099;0.226;69
0.36796932;97.54878168;0.368;98
0.534247156;78.56795794;0.534;79
0.313997107;109.6950178;0.314;110
0.294553049;112.2412631;0.295;112
0.429884174;108.3250147;0.43;108
0.288398148;55.38250529;0.288;55
0.515579612;44.84232489;0.516;45
0.354441754;128.2925778;0.354;128
0.372214234;130.128752;0.372;130
0.531227758;140.6408836;0.531;141
0.406654561;85.05308256;0.407;85
0.518267096;69.26272142;0.518;69
0.512028039;102.8121569;0.512;103
0.289848739;46.05947663;0.29;46
0.225352691;82.25001736;0.225;82
0.594568812;34.18749001;0.595;34
0.259298397;26.44542259;0.259;26
0.251137888;101.8741696;0.251;102
0.346630705;17.6767111;0.347;18
0.273743214;17.01168455;0.274;17
0.222800881;137.5864012;0.223;138
0.564700949;84.07857489;0.565;84
0.586778185;136.1787828;0.587;136
0.492927781;65.8203619;0.493;66
0.588233108;55.25858424;0.588;55
0.351403928;46.8438646;0.351;47
0.468431466;135.8442777;0.468;136
0.59368455;129.6455319;0.594;130
0.51069319;149.4199826;0.511;149
0.327946927;70.89979044;0.328;71
0.419516788;80.38723624;0.42;80
0.532081928;147.6892239;0.532;148
0.546327774;20.53575612;0.546;21
0.230019137;130.7161015;0.23;131
0.517640505;120.6617488;0.518;121
0.496705969;101.8935336;0.497;102
0.489049504;86.33545554;0.489;86
0.468467794;148.9768135;0.468;149
0.549811344;119.8797401;0.55;120
0.392166955;37.31195987;0.392;37
0.505841127;92.83072172;0.506;93
0.583418783;79.54671125;0.583;80
0.39324443;144.0337565;0.393;144
0.275383183;23.91532741;0.275;24
0.25270618;108.0022639;0.253;108
0.401618214;119.1926296;0.402;119
0.237062819;146.1046419;0.237;146
0.483308885;91.26542788;0.483;91
0.512673858;141.7431368;0.513;142
0.461613407;48.69355284;0.462;49
0.398371629;63.90968348;0.398;64
0.376907018;142.4402321;0.377;142
0.416098459;58.73839122;0.416;59
0.392653082;19.17089385;0.393;19
0.351374514;143.950191;0.351;144
0.316610387;64.56640246;0.317;65
0.259752069;47.76680608;0.26;48
0.522748633;115.7645733;0.523;116
0.528294211;13.24437466;0.528;13
0.364646585;75.09712378;0.365;75
0.255478885;110.2910632;0.255;110
0.565642772;15.8763715;0.566;16
0.54074907;39.02700124;0.541;39
0.494912497;133.3966332;0.495;133
0.306074264;46.79948266;0.306;47
0.386596972;105.8906814;0.387;106
0.451435293;93.63998214;0.451;94
0.308816037;16.19801367;0.309;16
0.485378291;27.29025668;0.485;27
0.385135022;143.9239745;0.385;144
0.544058128;52.10543131;0.544;52
0.559509644;147.9380001;0.56;148
0.216907797;70.30618118;0.217;70
0.466535905;120.1272809;0.467;120
0.286177481;56.54159785;0.286;57
0.369199628;28.2573449;0.369;28
0.594709455;154.9257668;0.595;155
0.501757697;47.4668723;0.502;47
0.471762941;89.4150532;0.472;89
0.553121443;69.75935736;0.553;70
0.483980441;60.38600729;0.484;60
0.344087701;111.2913712;0.344;111
0.532990312;58.13578283;0.533;58
0.372314566;29.49140239;0.372;29
0.460423153;144.3230041;0.46;144
0.52486925;14.85961132;0.525;15
0.579640291;73.13552608;0.58;73
0.346686286;38.7493208;0.347;39
0.200148999;102.6080205;0.2;103
0.305192436;71.22348279;0.305;71
0.306861408;86.51212046;0.307;87
0.255851352;69.07654692;0.256;69
0.269161944;12.70775337;0.269;13
0.472312202;42.78414777;0.472;43
0.522828908;74.50053245;0.523;75
0.519953266;26.93198015;0.52;27
0.579247166;36.85681408;0.579;37
0.552717603;12.72891408;0.553;13
0.488771168;63.9882682;0.489;64
0.216505457;69.38231463;0.217;69
0.381924112;52.35667343;0.382;52
0.242144545;54.49299034;0.242;54
0.597662882;152.6361087;0.598;153
0.347393105;30.23125386;0.347;30
0.346266107;112.0296788;0.346;112
0.449410633;97.39415662;0.449;97
0.3298541;37.75974012;0.33;38
0.406954465;49.50778093;0.407;50
0.237090435;41.63778883;0.237;42
0.232702145;66.55930161;0.233;67
0.547898743;14.27402438;0.548;14
0.252348971;42.92173768;0.252;43
0.387805851;107.5218275;0.388;108
0.231273342;144.2611658;0.231;144
0.443524535;68.32372107;0.444;68
0.48762117;106.4183758;0.488;106
0.467733343;111.0371207;0.468;111
0.389839798;63.74732428;0.39;64
0.5120294;33.9413249;0.512;34
0.459459341;32.72457696;0.459;33
0.266755115;139.5231009;0.267;140
0.24464013;95.81528896;0.245;96
0.514232907;122.2095108;0.514;122
0.221424096;81.22577351;0.221;81
0.487373664;18.91693653;0.487;19
0.320302495;40.29164328;0.32;40
0.332027822;66.66599669;0.332;67
0.374040536;26.64427905;0.374;27
0.202926747;91.90118092;0.203;92
0.536042852;127.775275;0.536;128
0.341334336;57.03939433;0.341;57
0.405379929;71.56454397;0.405;72
0.521741074;34.39924042;0.522;34
0.560812918;94.70096452;0.561;95
0.334709669;141.4240261;0.335;141
0.435220721;66.80783104;0.435;67
0.366714475;24.52569659;0.367;25
0.219077125;20.3848801;0.219;20
0.212858972;74.74224203;0.213;75
0.220681279;62.89176321;0.221;63
0.54441377;93.88018371;0.544;94
0.329423553;91.34885196;0.329;91
0.514490319;94.63166146;0.514;95
0.32115966;52.03398852;0.321;52
0.399905057;45.32611782;0.4;45
0.32057106;83.34988097;0.321;83
0.438493768;38.35734452;0.438;38
0.210818873;23.617618;0.211;24
0.385409072;21.76992964;0.385;22
0.304805997;145.6029629;0.305;146
0.433375002;41.05506874;0.433;41
0.521580762;101.942253;0.522;102
0.302282862;68.29354658;0.302;68
0.590384317;130.5844198;0.59;131
0.302870356;75.93800846;0.303;76
0.581294866;66.55581016;0.581;67
0.304941292;108.8089493;0.305;109
0.564113456;145.9551507;0.564;146
0.518461608;67.60599872;0.518;68
0.44672841;14.4813287;0.447;14
0.475329054;116.5010867;0.475;117
0.280019841;136.1912644;0.28;136
0.36284118;20.96602092;0.363;21
0.556397018;63.58644034;0.556;64
0.53742742;50.08913582;0.537;50
0.445452263;117.846761;0.445;118
0.496643052;108.4685735;0.497;108
0.366529214;117.4205985;0.367;117
0.52560632;64.28247667;0.526;64
0.552707483;65.76133104;0.553;66
0.371657662;105.9436494;0.372;106
0.439926787;80.06378138;0.44;80
0.420123547;110.8343243;0.42;111
0.477559691;138.0208073;0.478;138
0.404629303;84.69712917;0.405;85
0.391331063;19.97698327;0.391;20
0.479866869;24.13114736;0.48;24
0.590681773;82.68764339;0.591;83
0.379516026;152.5797565;0.38;153
0.215317834;51.08541152;0.215;51
0.570658958;52.59646992;0.571;53
0.50419794;28.55804403;0.504;29
0.227621696;90.16694803;0.228;90
0.413335299;52.83233338;0.413;53
0.455721617;47.41984261;0.456;47
0.22396033;63.31846724;0.224;63
0.555467928;13.18330489;0.555;13
0.537758545;93.35184704;0.538;93
0.339497635;51.43835026;0.339;51
0.267739204;33.67276384;0.268;34
0.39116997;54.59408505;0.391;55
0.473345581;64.8344031;0.473;65
0.59930467;132.3292169;0.599;132
0.337203083;137.3250431;0.337;137
0.301022124;143.2112507;0.301;143
0.421279435;126.3335235;0.421;126
0.33211891;66.80952738;0.332;67
0.24935079;60.74693985;0.249;61
0.550984125;104.1510428;0.551;104
0.406797879;36.29385707;0.407;36
0.478506727;75.14575191;0.479;75
0.591762419;32.66494587;0.592;33
0.265190916;88.2915847;0.265;88
0.296996172;140.0773662;0.297;140
0.262644593;61.29685755;0.263;61
0.330197536;111.9356542;0.33;112
0.376309779;84.86197695;0.376;85
0.228460678;69.98547759;0.228;70
0.480525593;121.4072458;0.481;121
0.373478929;13.05254961;0.373;13
0.259099013;50.91798718;0.259;51
0.523662425;26.70403965;0.524;27
0.418701713;77.45047173;0.419;77
0.459555587;64.47556751;0.46;64
0.430378091;108.1697693;0.43;108
0.399924203;18.1135403;0.4;18
0.201297726;65.09355402;0.201;65
0.203157199;97.49974493;0.203;97
0.395143189;86.27534396;0.395;86
0.394041883;26.37919238;0.394;26
0.501013434;107.5958047;0.501;108
0.493240845;12.08474675;0.493;12
0.221232787;71.00618558;0.221;71
0.238288082;20.38800605;0.238;20
0.439745936;129.8200443;0.44;130
0.425574855;139.7443852;0.426;140
0.337915047;17.84855212;0.338;18
0.572496355;41.67478048;0.572;42
0.366971705;40.72182472;0.367;41
0.5003902;47.19812534;0.5;47
0.5582798;106.0152186;0.558;106
0.254416779;101.3509157;0.254;101
0.215553551;22.62237854;0.216;23
0.374480751;152.071768;0.374;152
0.547858713;52.73102686;0.548;53
0.530577972;70.82330996;0.531;71
0.484920342;22.92426302;0.485;23
0.363279465;41.69396345;0.363;42
0.337381889;83.26871061;0.337;83
0.337073345;71.27956631;0.337;71
0.597824448;70.00441396;0.598;70
0.220016096;42.25800204;0.22;42
0.594756588;78.42370967;0.595;78
0.453772023;68.87656864;0.454;69
0.268101677;144.1816823;0.268;144
0.241726596;140.1419369;0.242;140
0.340474069;30.13441671;0.34;30
0.43797166;131.3173278;0.438;131
0.458745493;134.3462626;0.459;134
0.460043349;133.6876574;0.46;134
0.359948302;31.0720834;0.36;31
0.465968568;98.5246275;0.466;99
0.527762689;150.8916951;0.528;151
0.524158328;142.6598188;0.524;143
0.277173806;30.29784585;0.277;30
0.334476584;56.54304781;0.334;57
0.540655899;41.78687934;0.541;42
0.484170336;19.33079614;0.484;19
0.249997619;45.63215537;0.25;46
0.533478081;116.3321719;0.533;116
0.519304174;140.2470523;0.519;140
0.427277321;90.73092283;0.427;91
0.313519793;110.3248829;0.314;110
0.368517307;85.97054397;0.369;86
0.565541532;47.19662696;0.566;47
0.302292359;129.8134651;0.302;130
0.264878281;123.594476;0.265;124
0.564408491;55.58947785;0.564;56
0.215937285;21.77113864;0.216;22
0.214795872;117.6452066;0.215;118
0.213045201;26.00897113;0.213;26
0.496145753;108.5018901;0.496;109
0.529110626;34.25446451;0.529;34
0.235995232;125.6772038;0.236;126
0.212614182;68.25405461;0.213;68
0.308647761;112.5081587;0.309;113
0.312784375;106.1624032;0.313;106
0.310011926;44.50703342;0.31;45
0.376436861;37.91376395;0.376;38
0.432916559;102.4533568;0.433;102
0.439516368;55.03602201;0.44;55
0.534278443;53.677886;0.534;54
0.53912255;22.02798363;0.539;22
0.317467536;129.8104705;0.317;130
0.208695869;129.525268;0.209;130
0.571049496;23.14806323;0.571;23
0.551292768;94.72316714;0.551;95
0.27930745;141.3656164;0.279;141
0.573532523;119.9561184;0.574;120
0.577101028;90.38547276;0.577;90
0.382960358;94.586775;0.383;95
0.493856157;104.4731435;0.494;104
0.296727566;53.8537771;0.297;54
0.436573081;53.21534589;0.437;53
0.258578775;55.21557751;0.259;55
0.45537671;78.37941214;0.455;78
0.250807479;31.36538602;0.251;31
0.470092051;42.52696365;0.47;43
0.511004218;143.7192863;0.511;144
0.561830421;30.31694069;0.562;30
0.358020788;75.24789468;0.358;75
0.503072187;106.3406114;0.503;106
0.464040491;142.3883882;0.464;142
0.468770428;146.7774599;0.469;147
0.235524282;137.4720272;0.236;137
0.301246593;75.23210331;0.301;75
0.352889508;87.03381281;0.353;87
0.433136461;86.08144875;0.433;86
0.522939134;48.79861049;0.523;49
0.282741157;46.87622692;0.283;47
0.520345847;38.29927133;0.52;38
0.539647636;47.29464196;0.54;47
0.512724603;141.705727;0.513;142
0.328713253;75.83203688;0.329;76
0.442814926;57.55127075;0.443;58
0.465524734;61.66633477;0.466;62
0.492782298;66.08846091;0.493;66
0.570135671;82.52566263;0.57;83
0.24997611;13.85383897;0.25;14
0.232675093;126.7270016;0.233;127
0.209212687;42.85546516;0.209;43
0.285263319;124.3755298;0.285;124
0.551907178;77.64372691;0.552;78
0.377923094;81.25411564;0.378;81
0.328638108;85.11843597;0.329;85
0.34581779;44.05665219;0.346;44
0.469172347;108.4429719;0.469;108
0.424979562;136.0873278;0.425;136
0.3911134;70.18051762;0.391;70
0.431338205;43.2872647;0.431;43
0.575449644;51.03061721;0.575;51
0.444393665;55.4374348;0.444;55
0.401678442;115.1577131;0.402;115
0.271833481;55.82068006;0.272;56
0.27679787;30.73873439;0.277;31
0.311577239;63.76995074;0.312;64
0.453044097;46.03668283;0.453;46
0.572487483;28.6987773;0.572;29
0.482766751;153.6804753;0.483;154
0.261921312;51.30990776;0.262;51
0.22929185;20.79152939;0.229;21
0.466564383;16.9706113;0.467;17
0.498195112;121.7315222;0.498;122
0.503292776;71.08186626;0.503;71
0.531940186;153.0995242;0.532;153
0.292568464;122.498764;0.293;122
0.328117782;55.38185418;0.328;55
0.495196229;36.73091917;0.495;37
0.55485617;102.5130083;0.555;103
0.507727699;125.4711077;0.508;125
0.279537048;95.70500735;0.28;96
0.48936624;30.35612288;0.489;30
0.392175792;138.6613714;0.392;139
0.208464438;139.1071231;0.208;139
0.308956926;146.9834066;0.309;147
0.305864516;152.809378;0.306;153
0.346386642;119.2830655;0.346;119
0.404911834;60.92321827;0.405;61
0.582406851;77.91607281;0.582;78
0.436712904;15.85054554;0.437;16
0.462744407;89.01681188;0.463;89
0.236929464;37.7051879;0.237;38
0.413954379;127.6319272;0.414;128
0.36053395;34.73350768;0.361;35
0.269198441;103.3605964;0.269;103
0.4673114;100.6631226;0.467;101
0.349986755;57.44365737;0.35;57
0.505047981;65.45274213;0.505;65
0.323123854;137.1029947;0.323;137
0.54749153;125.700977;0.547;126
0.539467714;99.68865645;0.539;100
0.484769502;50.04950429;0.485;50
0.429118343;21.08318794;0.429;21
0.56477606;55.5346623;0.565;56
0.598292407;134.5181676;0.598;135
0.345260296;81.84723465;0.345;82
0.493125968;74.85384387;0.493;75
0.312111554;55.00694672;0.312;55
0.572292069;119.7765122;0.572;120
0.437552567;121.399942;0.438;121
0.435690267;121.1969011;0.436;121
0.582300978;131.4339956;0.582;131
0.297832364;89.8992099;0.298;90
0.218239157;34.79850538;0.218;35
0.314515578;96.64474149;0.315;97
0.221920026;139.8909533;0.222;140
0.468860778;109.8360907;0.469;110
0.333590764;66.75592153;0.334;67
0.309730474;125.5999208;0.31;126
0.396850298;42.92466902;0.397;43
0.360438762;143.587874;0.36;144
0.293356147;140.2686937;0.293;140
0.514270979;101.8746664;0.514;102
0.278189791;138.8269849;0.278;139
0.419415697;27.45443288;0.419;27
0.455202067;316.366424;0.455;316
0.28024666;565.2824946;0.28;565
0.45272354;550.9819393;0.453;551
0.415304164;441.6164155;0.415;442
0.301582606;419.900279;0.302;420
0.496029734;533.0471735;0.496;533
0.23438945;417.9778405;0.234;418
0.243912595;175.7214375;0.244;176
0.262841019;406.9711545;0.263;407
0.404225586;514.9021519;0.404;515
0.391733756;451.3338121;0.392;451
0.539415876;499.2882883;0.539;499
0.451116728;352.3297261;0.451;352
0.466820177;592.2580638;0.467;592
0.374167282;183.6134937;0.374;184
0.596875128;504.3989828;0.597;504
0.403432207;172.7777316;0.403;173
0.496261313;495.6448089;0.496;496
0.524379694;420.2728185;0.524;420
0.335495732;536.4236215;0.335;536
0.594164835;204.9439516;0.594;205
0.286124139;297.0434439;0.286;297
0.441810485;264.8237902;0.442;265
0.348602097;326.4668626;0.349;326
0.240894918;397.9466089;0.241;398
0.577655461;544.6927449;0.578;545
0.563424036;192.5753388;0.563;193
0.253414184;221.0964911;0.253;221
0.477613846;526.9067126;0.478;527
0.225574099;350.1861098;0.226;350
0.414088264;289.9797438;0.414;290
0.351418259;165.9727228;0.351;166
0.585077133;287.2676263;0.585;287
0.321553007;591.1658577;0.322;591
0.430900588;560.0608508;0.431;560
0.204302773;364.0387844;0.204;364
0.237831586;284.2189948;0.238;284
0.426238093;184.1915656;0.426;184
0.543513263;396.1839173;0.544;396
0.538500284;221.661956;0.539;222
0.504159965;473.0241729;0.504;473
0.516240065;410.3382221;0.516;410
0.454268597;389.4739857;0.454;389
0.484115022;486.7551032;0.484;487
0.558010575;439.3985635;0.558;439
0.413193718;264.5531402;0.413;265
0.240761638;259.0883977;0.241;259
0.283530148;171.1158039;0.284;171
0.254297384;377.1463787;0.254;377
0.442983146;182.807568;0.443;183
0.35812594;334.3832497;0.358;334
0.290445069;420.1587416;0.29;420
0.519984769;449.213478;0.52;449
0.351258767;368.0633773;0.351;368
0.470823029;412.2915128;0.471;412
0.48358952;440.5238514;0.484;441
0.478838411;298.7755815;0.479;299
0.25654898;434.0577285;0.257;434
0.409374281;300.6975974;0.409;301
0.375548302;460.4046241;0.376;460
0.562524383;584.0625271;0.563;584
0.243223709;499.63951;0.243;500
0.261530715;285.4873466;0.262;285
0.588834065;450.2245757;0.589;450
0.443511738;305.6230741;0.444;306
0.244662227;242.0214531;0.245;242
0.220443722;455.2735132;0.22;455
0.556277447;176.1932788;0.556;176
0.269930632;380.7629805;0.27;381
0.394056292;421.9751936;0.394;422
0.52316143;350.1133781;0.523;350
0.232889772;237.3726809;0.233;237
0.510855424;472.5397225;0.511;473
0.25783369;210.7947839;0.258;211
0.290986775;478.424653;0.291;478
0.288128972;582.0172781;0.288;582
0.26121362;519.2358555;0.261;519
0.392453468;507.4359757;0.392;507
0.261034474;394.5759684;0.261;395
0.484797227;170.2088791;0.485;170
0.44069024;486.95459;0.441;487
0.518355051;396.9864136;0.518;397
0.299910753;561.1643898;0.3;561
0.575756155;560.3495307;0.576;560
0.483726105;536.0656745;0.484;536
0.292281848;527.6220361;0.292;528
0.370045441;223.8064776;0.37;224
0.593462319;315.0735414;0.593;315
0.230681458;176.1369321;0.231;176
0.209078739;355.4554063;0.209;355
0.535641858;420.1576653;0.536;420
0.578911437;574.6969877;0.579;575
0.362107419;377.7407281;0.362;378
0.548989344;564.8596258;0.549;565
0.310831444;188.5145647;0.311;189
0.292382143;373.671778;0.292;374
0.386054207;543.4355575;0.386;543
0.385709333;495.4382454;0.386;495
0.217045849;480.4034798;0.217;480
0.353980329;374.7287496;0.354;375
0.331348769;245.3342057;0.331;245
0.476786291;305.6356248;0.477;306
0.496587816;363.9200873;0.497;364
0.582125353;590.4012652;0.582;590
0.214316714;569.6452528;0.214;570
0.594643518;187.5675234;0.595;188
0.291426936;194.0191863;0.291;194
0.592343092;511.7923858;0.592;512
0.585491562;584.394466;0.585;584
0.286514485;343.3503096;0.287;343
0.478170955;446.5978647;0.478;447
0.283061501;322.4002151;0.283;322
0.508245744;333.9256154;0.508;334
0.498158488;413.2852404;0.498;413
0.243206487;307.7716059;0.243;308
0.597333392;517.4563551;0.597;517
0.213223585;152.2312168;0.213;152
0.341038241;416.2818858;0.341;416
0.323767193;425.6421611;0.324;426
0.484344865;288.4219539;0.484;288
0.254781835;316.0870365;0.255;316
0.481321531;433.3564516;0.481;433
0.300169525;347.6612129;0.3;348
0.56680278;169.0001712;0.567;169
0.31807355;537.3804098;0.318;537
0.28661459;460.4472821;0.287;460
0.436194832;463.7628042;0.436;464
0.251830662;178.3870502;0.252;178
0.46545967;464.3446726;0.465;464
0.363662506;596.5479339;0.364;597
0.55852852;340.7448121;0.559;341
0.584135914;381.7806091;0.584;382
0.493104267;445.9444113;0.493;446
0.244499051;268.0733537;0.244;268
0.562452351;190.8861751;0.562;191
0.27681356;170.1074868;0.277;170
0.229743241;535.3293528;0.23;535
0.449072712;403.3014916;0.449;403
0.222028339;391.6661464;0.222;392
0.477520257;194.2648952;0.478;194
0.287446981;170.5116503;0.287;171
0.254788402;165.7293812;0.255;166
0.313166079;384.6406919;0.313;385
0.597459291;228.4892633;0.597;228
0.254913333;434.7165887;0.255;435
0.209770295;413.7636065;0.21;414
0.510013303;443.2142221;0.51;443
0.366939207;187.8011606;0.367;188
0.305483798;505.5909084;0.305;506
0.43648335;268.2453113;0.436;268
0.512754861;452.7521701;0.513;453
0.583955571;249.8337692;0.584;250
0.272415433;390.5210319;0.272;391
0.376279645;174.9008478;0.376;175
0.264312746;536.417351;0.264;536
0.330334895;315.7066417;0.33;316
0.376430694;507.968915;0.376;508
0.3924516;394.852897;0.392;395
0.5185482;306.8790906;0.519;307
0.594711582;186.9685827;0.595;187
0.284890761;508.3515519;0.285;508
0.556887125;530.6391131;0.557;531
0.35801409;324.4946851;0.358;324
0.365343785;248.9841276;0.365;249
0.335426407;410.6495554;0.335;411
0.25218826;178.0153678;0.252;178
0.357733602;273.6857337;0.358;274
0.252285477;406.2520678;0.252;406
0.579727611;180.8156399;0.58;181
0.466587081;294.1836868;0.467;294
0.327902181;274.2237293;0.328;274
0.444330715;427.2700896;0.444;427
0.477190161;580.7752783;0.477;581
0.565395001;413.2218112;0.565;413
0.360877043;460.5685273;0.361;461
0.297747157;463.4671213;0.298;463
0.322164563;217.8039311;0.322;218
0.434074294;410.883538;0.434;411
0.35656989;523.92328;0.357;524
0.22700249;221.5185194;0.227;222
0.283470704;259.8406998;0.283;260
0.326584535;268.1182374;0.327;268
0.221831747;348.0479799;0.222;348
0.215246447;478.3112595;0.215;478
0.47193897;155.9133413;0.472;156
0.356040461;604.4660275;0.356;604
0.458222207;550.6305809;0.458;551
0.280014769;336.1458192;0.28;336
0.385742361;463.9362062;0.386;464
0.237991067;583.8084655;0.238;584
0.244572986;604.857839;0.245;605
0.414009761;257.8978484;0.414;258
0.256211734;473.9532759;0.256;474
0.501515763;602.6457234;0.502;603
0.267580354;420.2376867;0.268;420
0.559648734;360.1716793;0.56;360
0.515022468;487.8435916;0.515;488
0.272588044;412.527176;0.273;413
0.246506277;278.7077422;0.247;279
0.43097863;522.2412249;0.431;522
0.486558004;588.4792483;0.487;588
0.552277841;570.7413196;0.552;571
0.345202462;442.1472495;0.345;442
0.363730725;599.7863957;0.364;600
0.215691248;235.090933;0.216;235
0.203071593;370.7872839;0.203;371
0.464932675;493.1207095;0.465;493
0.480012878;378.519967;0.48;379
0.361869536;386.2238914;0.362;386
0.222989499;459.071693;0.223;459
0.44155865;329.0077993;0.442;329
0.517842889;497.7043506;0.518;498
0.586526832;161.6825916;0.587;162
0.264337182;409.6275354;0.264;410
0.598451124;426.0551806;0.598;426
0.451730456;379.6709672;0.452;380
0.477349201;582.8477574;0.477;583
0.453163575;333.6780188;0.453;334
0.359789573;566.8696628;0.36;567
0.211524022;307.6645219;0.212;308
0.391311362;375.3201598;0.391;375
0.333894889;308.3294687;0.334;308
0.208548788;479.3921273;0.209;479
0.35488995;258.8666449;0.355;259
0.548492426;579.5579128;0.548;580
0.330451629;518.7682866;0.33;519
0.446084873;494.2801343;0.446;494
0.248759698;409.1950706;0.249;409
0.579230873;208.9790912;0.579;209
0.24296085;455.3458721;0.243;455
0.563787274;515.3065497;0.564;515
0.436325283;486.9588758;0.436;487
0.432024073;370.1833485;0.432;370
0.436999829;198.5815057;0.437;199
0.559932044;582.1654902;0.56;582
0.540727164;289.7306753;0.541;290
0.254091316;338.2019456;0.254;338
0.297299182;197.3185921;0.297;197
0.224133212;490.3816056;0.224;490
0.49365793;346.7277625;0.494;347
0.273539844;278.7453429;0.274;279
0.481577454;455.7757165;0.482;456
0.537199721;330.6227963;0.537;331
0.277391896;436.3450355;0.277;436
0.231921647;368.8218391;0.232;369
0.567428144;257.5166634;0.567;258
0.432611474;383.7144116;0.433;384
0.253876508;238.8858928;0.254;239
0.293547269;538.8772153;0.294;539
0.24830079;469.0381744;0.248;469
0.484045732;277.6338011;0.484;278
0.390587595;364.2952147;0.391;364
0.563511699;438.4317178;0.564;438
0.514110314;257.9392706;0.514;258
0.272227071;288.509218;0.272;289
0.378933415;201.0110964;0.379;201
0.529588591;388.6801364;0.53;389
0.570665908;313.1167728;0.571;313
0.385509321;402.0071866;0.386;402
0.534026358;473.4746083;0.534;473
0.47707633;269.7721305;0.477;270
0.467889146;402.9006601;0.468;403
0.328914075;463.9243007;0.329;464
0.589505463;279.4625148;0.59;279
0.372765793;467.6439199;0.373;468
0.220405017;151.086825;0.22;151
0.312545328;469.4597277;0.313;469
0.332189432;311.4322226;0.332;311
0.444582118;496.4646711;0.445;496
0.511179226;285.2785734;0.511;285
0.557822827;324.0888625;0.558;324
0.425430813;598.5662191;0.425;599
0.519028592;535.7742129;0.519;536
0.284363357;289.9165046;0.284;290
0.268135304;539.9132185;0.268;540
0.481341866;211.0566022;0.481;211
0.209074004;218.6572876;0.209;219
0.467265086;167.5991966;0.467;168
0.273648029;417.3683169;0.274;417
0.57202856;556.50134;0.572;557
0.387329516;534.0454376;0.387;534
0.498772975;175.4374778;0.499;175
0.28945019;265.9393222;0.289;266
0.230842432;239.6507605;0.231;240
0.343822172;323.5998233;0.344;324
0.522757411;586.6462812;0.523;587
0.407742106;241.2446015;0.408;241
0.363046765;210.4280265;0.363;210
0.401241647;255.0989575;0.401;255
0.317174518;213.847128;0.317;214
0.208730465;582.1414213;0.209;582
0.294297988;500.7910658;0.294;501
0.395008667;494.1748775;0.395;494
0.317659234;151.9347038;0.318;152
0.555927379;172.343695;0.556;172
0.425910233;545.0715529;0.426;545
0.548391937;380.7545169;0.548;381
0.207374615;554.0598307;0.207;554
0.376183546;181.6829389;0.376;182
0.283441861;463.8892636;0.283;464
0.560698589;204.5526097;0.561;205
0.319884258;329.7714295;0.32;330
0.342258006;570.9454565;0.342;571
0.501226071;183.5665214;0.501;184
0.392526058;577.8774455;0.393;578
0.412510882;567.022615;0.413;567
0.378172154;213.4409894;0.378;213
0.243317422;256.7048536;0.243;257
0.253965017;368.700595;0.254;369
0.500323437;496.547667;0.5;497
0.597108896;260.441589;0.597;260
0.532943541;566.883512;0.533;567
0.425659081;564.7728071;0.426;565
0.83563362;362.8669214;0.836;363
0.643860521;262.2235346;0.644;262
0.844936431;525.6899951;0.845;526
0.780899484;347.5370861;0.781;348
0.838618661;404.5302542;0.839;405
0.83179556;193.8924719;0.832;194
0.917274798;339.5438265;0.917;340
0.812804983;209.2309137;0.813;209
0.628917591;605.3875369;0.629;605
0.639543281;597.9220415;0.64;598
0.68946929;368.9268531;0.689;369
0.693859122;505.7186706;0.694;506
0.741950875;566.7005548;0.742;567
0.800220446;586.0685163;0.8;586
0.717237331;180.6904535;0.717;181
0.692998151;498.8671431;0.693;499
0.800495615;165.3336868;0.8;165
0.74527144;73.60074978;0.745;74
0.6144405;52.64635337;0.614;53
0.819355355;241.2484174;0.819;241
0.603406974;149.7528874;0.603;150
0.69988115;310.0359514;0.7;310
0.754266327;314.0936906;0.754;314
0.775287039;325.8007228;0.775;326
0.66481385;57.45827597;0.665;57
0.81898483;437.6347971;0.819;438
0.889051185;542.2246366;0.889;542
0.726940335;432.1123125;0.727;432
0.711215696;260.7594898;0.711;261
0.608739382;155.545126;0.609;156
0.696069548;68.83371701;0.696;69
0.723218973;342.0554499;0.723;342
0.774994087;171.1077913;0.775;171
0.625584582;258.095119;0.626;258
0.720047388;298.3754897;0.72;298
0.892358452;80.01525822;0.892;80
0.897951366;495.7047987;0.898;496
0.894627602;146.2675433;0.895;146
0.716659816;297.3836073;0.717;297
0.885055478;18.64760792;0.885;19
0.666674923;540.1095012;0.667;540
0.726859828;236.5602632;0.727;237
0.877832534;94.42994017;0.878;94
0.689722531;566.1920795;0.69;566
0.855076795;264.7362111;0.855;265
0.866089202;213.7815293;0.866;214
0.877780345;298.7514327;0.878;299
0.645769744;401.0838994;0.646;401
0.833465937;290.4796445;0.833;290
0.695883181;408.8997302;0.696;409
0.699770994;163.9691758;0.7;164
0.601251803;81.68104509;0.601;82
0.804074459;140.773127;0.804;141
0.733685866;492.3975172;0.734;492
0.837656145;591.4275875;0.838;591
0.614633725;263.9912925;0.615;264
0.896256046;595.4141844;0.896;595
0.786424067;537.0508994;0.786;537
0.904937984;479.1198292;0.905;479
0.715626263;391.4899856;0.716;391
0.608617681;381.9111436;0.609;382
0.88829309;389.3675826;0.888;389
0.733403987;165.7095731;0.733;166
0.70551251;62.9066635;0.706;63
0.823548009;230.744424;0.824;231
0.612926574;224.74423;0.613;225
0.729583967;574.3747904;0.73;574
0.797209861;453.5805897;0.797;454
0.742761124;62.83583372;0.743;63
0.65495354;357.1370525;0.655;357
0.767988421;155.1963761;0.768;155
0.826612258;102.9348444;0.827;103
0.828178575;38.38483949;0.828;38
0.694294587;97.84746694;0.694;98
0.744026749;409.6997787;0.744;410
0.79126997;536.8907241;0.791;537
0.63194741;270.9887673;0.632;271
0.892191071;496.1262472;0.892;496
0.669279918;404.4297401;0.669;404
0.705964112;325.1481752;0.706;325
0.824886701;561.6849045;0.825;562
0.879452605;110.339259;0.879;110
0.724687719;311.0368448;0.725;311
0.897158087;39.61117821;0.897;40
0.727147906;416.2200475;0.727;416
0.702766971;261.3760914;0.703;261
0.807934645;566.0883368;0.808;566
0.690631901;582.9418099;0.691;583
0.750040447;36.72912331;0.75;37
0.861883105;453.0382805;0.862;453
0.87075853;576.4320353;0.871;576
0.732582421;558.5484426;0.733;559
0.647122977;320.9277423;0.647;321
0.645394179;144.9400336;0.645;145
0.657765055;339.5759254;0.658;340
0.66809352;275.4330301;0.668;275
0.726942717;346.7330658;0.727;347
0.668476309;89.34922668;0.668;89
0.919810277;327.3983938;0.92;327
0.609981032;76.2410673;0.61;76
0.773042732;441.010567;0.773;441
0.610420824;506.4162766;0.61;506
0.6815427;487.7636304;0.682;488
0.873742605;143.0445077;0.874;143
0.811649455;251.8595663;0.812;252
0.878922692;212.4126938;0.879;212
0.821497963;400.4576933;0.821;400
0.634617739;474.8581493;0.635;475
0.669894641;476.8413584;0.67;477
0.623947426;334.0827523;0.624;334
0.875509282;597.0519429;0.876;597
0.664949439;123.0901264;0.665;123
0.916382303;509.6416693;0.916;510
0.769865291;29.08676822;0.77;29
0.795471297;571.966104;0.795;572
0.646436269;251.9393089;0.646;252
0.712127063;233.7728602;0.712;234
0.899536154;313.3303058;0.9;313
0.604689402;359.9927944;0.605;360
0.682393005;604.0517141;0.682;604
0.836946001;422.484732;0.837;422
0.652518318;49.3312726;0.653;49
0.887958441;195.7642612;0.888;196
0.792679056;243.4046711;0.793;243
0.606748206;143.430084;0.607;143
0.808721174;581.2654216;0.809;581
0.806000129;548.2552647;0.806;548
0.774030441;578.596774;0.774;579
0.768552536;307.5948755;0.769;308
0.774062399;28.15407536;0.774;28
0.779514138;109.3298365;0.78;109
0.650932733;224.2831458;0.651;224
0.71508563;266.6745177;0.715;267
0.864885264;101.3557749;0.865;101
0.918310482;425.7555781;0.918;426
0.727846808;573.8608367;0.728;574
0.644207077;158.2044268;0.644;158
0.895761998;175.2253823;0.896;175
0.723102858;508.1818257;0.723;508
0.713560767;14.58222079;0.714;15
0.854322655;600.9429651;0.854;601
0.654612074;45.4907789;0.655;45
0.79667399;300.133981;0.797;300
0.839706988;191.1541952;0.84;191
0.768001314;547.6206259;0.768;548
0.914041303;469.6460012;0.914;470
0.726364359;530.8441248;0.726;531
0.600785238;484.7067671;0.601;485
0.781535707;329.3622772;0.782;329
0.704959084;241.1604299;0.705;241
0.874793296;107.4923499;0.875;107
0.86731873;77.73447068;0.867;78
0.743266665;562.679966;0.743;563
0.697002843;72.08459812;0.697;72
0.854815495;441.4734135;0.855;441
0.678442137;122.0306613;0.678;122
0.738357911;596.7119674;0.738;597
0.636494638;341.9183986;0.636;342
0.863204008;471.6731294;0.863;472
0.761087755;237.2268048;0.761;237
0.842084356;200.4658207;0.842;200
0.88020523;424.2484701;0.88;424
0.659520925;379.2515955;0.66;379
0.776109511;438.9318075;0.776;439
0.807580134;551.3708264;0.808;551
0.832068077;551.0173133;0.832;551
0.706224934;474.5795477;0.706;475
0.770280419;292.9486332;0.77;293
0.608738801;142.0178679;0.609;142
0.77535229;390.6062781;0.775;391
0.829325417;339.6758825;0.829;340
0.91367389;605.9364142;0.914;606
0.817452887;298.6231955;0.817;299
0.853770499;597.8177455;0.854;598
0.905667595;149.2784411;0.906;149
0.699942445;433.3784315;0.7;433
0.827217967;305.7898729;0.827;306
0.604050726;159.2253588;0.604;159
0.822780117;74.08056202;0.823;74
0.800758129;557.6152266;0.801;558
0.889464296;559.356631;0.889;559
0.689456419;41.05838075;0.689;41
0.904338217;369.1619719;0.904;369
0.848053902;340.0998375;0.848;340
0.753535353;357.6259734;0.754;358
0.813862481;539.3351427;0.814;539
0.750200849;30.53125339;0.75;31
0.78175978;172.3332309;0.782;172
0.838982704;255.8472914;0.839;256
0.642249192;239.2634194;0.642;239
0.625481035;242.2303333;0.625;242
0.691860036;493.4158214;0.692;493
0.651780739;21.37916413;0.652;21
0.887598656;523.0413361;0.888;523
0.842169912;286.2537613;0.842;286
0.830677321;201.0902195;0.831;201
0.917664961;603.8186261;0.918;604
0.637144698;141.4982003;0.637;141
0.779746593;608.3698319;0.78;608
0.902868967;393.2498597;0.903;393
0.880542886;397.6759424;0.881;398
0.851418963;601.5916115;0.851;602
0.837396329;294.6870065;0.837;295
0.621195592;186.7683715;0.621;187
0.754688585;117.1446987;0.755;117
0.889725923;95.76362904;0.89;96
0.788344553;176.3599831;0.788;176
0.783523991;338.1204485;0.784;338
0.858436197;48.64110263;0.858;49
0.684295512;485.6693247;0.684;486
0.796716514;74.20238033;0.797;74
0.902257474;607.4534192;0.902;607
0.792453163;59.1416464;0.792;59
0.732937614;462.0015143;0.733;462
0.755813981;588.9047622;0.756;589
0.756770328;535.8218678;0.757;536
0.892938133;324.7158802;0.893;325
0.906232685;181.9070163;0.906;182
0.661042851;543.0904705;0.661;543
0.759704326;517.4843863;0.76;517
0.790155449;417.2932886;0.79;417
0.605773506;237.6295235;0.606;238
0.613957718;101.0685277;0.614;101
0.850838378;305.2268132;0.851;305
0.778300274;291.9506698;0.778;292
0.738268051;528.3100958;0.738;528
0.705376554;270.3511431;0.705;270
0.749763376;83.00111375;0.75;83
0.918643553;263.0000435;0.919;263
0.801377515;273.1434617;0.801;273
0.563452761;1337.245061;0.563;1337
0.637640389;672.1147708;0.638;672
0.760540547;639.9893712;0.761;640
0.668629799;1103.030882;0.669;1103
0.298614524;1243.100226;0.299;1243
0.369810442;1246.441946;0.37;1246
0.759207712;1308.912687;0.759;1309
0.83869223;692.3944539;0.839;692
0.655120283;1284.487279;0.655;1284
0.714145831;928.3739833;0.714;928
0.228326049;1314.512084;0.228;1315
0.569096755;1045.326328;0.569;1045
0.420141471;921.2588501;0.42;921
0.647579567;860.5797946;0.648;861
0.859442668;1040.523902;0.859;1041
0.472332882;642.6884376;0.472;643
0.219777873;1265.571779;0.22;1266
0.399611259;1213.687542;0.4;1214
0.516366123;741.4229488;0.516;741
0.494897709;1390.43056;0.495;1390
0.340405048;780.4407437;0.34;780
0.742540006;655.9835195;0.743;656
0.369010314;772.7345896;0.369;773
0.424327975;925.3068917;0.424;925
0.540053214;1154.913957;0.54;1155
0.218113889;892.3696798;0.218;892
0.215766746;730.7126192;0.216;731
0.731570108;1261.442212;0.732;1261
0.636845279;1270.649961;0.637;1271
0.290317674;892.5567633;0.29;893
0.557747015;682.0920456;0.558;682
0.50721655;722.2161489;0.507;722
0.457521192;1323.606189;0.458;1324
0.30964875;726.4533519;0.31;726
0.200433113;906.1723536;0.2;906
0.565602277;994.9660022;0.566;995
0.447097322;1066.795291;0.447;1067
0.769650171;801.0365735;0.77;801
0.434031679;1239.680599;0.434;1240
0.232330891;825.0031741;0.232;825
0.613717383;934.5231741;0.614;935
0.705601349;1013.90648;0.706;1014
0.297760679;741.7954495;0.298;742
0.335694895;1271.780578;0.336;1272
0.377168519;1360.144306;0.377;1360
0.749149465;1060.388733;0.749;1060
0.482897291;756.5537505;0.483;757
0.857095411;607.946968;0.857;608
0.680233433;1131.074642;0.68;1131
0.880177165;833.282885;0.88;833
0.277903166;878.8635009;0.278;879
0.330484364;867.4002687;0.33;867
0.462586514;990.6848515;0.463;991
0.87975814;960.5911822;0.88;961
0.779334851;1269.799058;0.779;1270
0.486034038;1113.870184;0.486;1114
0.279041587;818.7951402;0.279;819
0.430306159;960.2167216;0.43;960
0.64035936;729.4671425;0.64;729
0.401520881;1324.569318;0.402;1325
0.833389615;702.4034166;0.833;702
0.310106155;669.1069144;0.31;669
0.455185141;1021.998453;0.455;1022
0.59512286;1101.563942;0.595;1102
0.465162582;1013.330023;0.465;1013
0.463197487;964.9365856;0.463;965
0.254774807;766.2936568;0.255;766
0.398261789;1149.325404;0.398;1149
0.251907576;667.3814953;0.252;667
0.426688466;1226.02774;0.427;1226
0.598930491;766.4309955;0.599;766
0.31664675;900.4256765;0.317;900
0.699663727;884.0356271;0.7;884
0.611043119;1142.225301;0.611;1142
0.711035844;1287.34931;0.711;1287
0.410999329;891.1010351;0.411;891
0.277310735;1167.240722;0.277;1167
0.867109675;1263.6554;0.867;1264
0.566066463;1068.135342;0.566;1068
0.194737653;1399.655383;0.195;1400
0.4499293;776.2010411;0.45;776
0.888052348;632.7731796;0.888;633
0.771554029;1075.951738;0.772;1076
0.679269818;991.6259181;0.679;992
0.868635535;861.2202153;0.869;861
0.349010231;768.1291714;0.349;768
0.703745636;1373.311272;0.704;1373
0.574650035;632.2408862;0.575;632
0.473555279;1051.195306;0.474;1051
0.848148536;905.3851891;0.848;905
0.701492622;893.6209332;0.701;894
0.363464833;1040.345264;0.363;1040
0.79602715;1288.929603;0.796;1289
0.810133688;1163.055564;0.81;1163
0.416766585;746.0441858;0.417;746
0.406038851;1314.011277;0.406;1314
0.25803429;770.2575539;0.258;770
0.737271583;638.6990136;0.737;639
0.824209308;1296.609589;0.824;1297
0.814118309;748.300439;0.814;748
0.522234187;961.5480269;0.522;962
0.314950598;854.979801;0.315;855
0.483776187;634.3838732;0.484;634
0.435589112;931.8316585;0.436;932
0.337757521;766.7818919;0.338;767
0.346363727;849.4497353;0.346;849
0.567655487;989.1756998;0.568;989
0.535473147;1029.556613;0.535;1030
0.757666602;625.013891;0.758;625
0.81503324;767.1286195;0.815;767
0.301317513;634.0994072;0.301;634
0.456288121;1121.030035;0.456;1121
0.328005165;1035.900477;0.328;1036
0.511790056;1241.419937;0.512;1241
0.230078762;1120.674932;0.23;1121
0.720575523;907.145223;0.721;907
0.382715306;661.9887687;0.383;662
0.389973137;1061.34748;0.39;1061
0.350477407;603.7345214;0.35;604
0.842871566;1123.442302;0.843;1123
0.738545298;1022.395533;0.739;1022
0.328370124;1166.813932;0.328;1167
0.51476693;1328.676686;0.515;1329
0.416298532;936.8209999;0.416;937
0.329392693;783.3811116;0.329;783
0.588894654;948.8392095;0.589;949
0.212082105;623.932012;0.212;624
0.242982348;715.1446651;0.243;715
0.20693344;1259.282216;0.207;1259
0.280297831;988.5643021;0.28;989
0.343630467;740.0871528;0.344;740
0.392990223;828.4478159;0.393;828
0.511851977;1044.874132;0.512;1045
0.240446229;1254.119818;0.24;1254
0.192358826;858.4904933;0.192;858
0.702754152;945.6480135;0.703;946
0.338508756;1332.348178;0.339;1332
0.520962371;706.5615142;0.521;707
0.270586235;851.6740307;0.271;852
0.317364124;1089.313304;0.317;1089
0.222698219;1071.53167;0.223;1072
0.847902855;1058.858232;0.848;1059
0.758834864;655.4207202;0.759;655
0.240349257;631.7171129;0.24;632
0.734055318;1149.258078;0.734;1149
0.265629766;1361.798607;0.266;1362
0.318000757;1213.262956;0.318;1213
0.598862566;860.4994836;0.599;860
0.42155681;792.6879396;0.422;793
0.313799785;1248.329649;0.314;1248
0.309941328;1254.227274;0.31;1254
0.734006556;774.3545195;0.734;774
0.285581474;1255.545467;0.286;1256
0.812829339;1361.255868;0.813;1361
0.738013646;1312.909843;0.738;1313
0.850818671;801.8360889;0.851;802
0.451054852;629.3899233;0.451;629
0.604524658;604.6820288;0.605;605
0.763688667;666.687648;0.764;667
0.610937184;669.9583025;0.611;670
0.431530006;1359.909204;0.432;1360
0.830244771;668.0807034;0.83;668
0.850631803;1325.135641;0.851;1325
0.539917443;821.0386556;0.54;821
0.438058603;1230.685238;0.438;1231
0.755330781;1275.839813;0.755;1276
0.5532924;669.0982628;0.553;669
0.524177666;1339.720248;0.524;1340
0.713386325;863.2017418;0.713;863
0.431148099;672.4355825;0.431;672
0.386037452;677.8022835;0.386;678
0.683647492;1253.593213;0.684;1254
0.875845066;890.9316254;0.876;891
0.206564965;664.4023123;0.207;664
0.698812293;1250.034211;0.699;1250
0.700353823;624.6685039;0.7;625
0.377442034;604.9183141;0.377;605
0.641817788;911.4516527;0.642;911
0.248938439;1303.884326;0.249;1304
0.243140328;762.1254638;0.243;762
0.257294211;854.1716051;0.257;854
0.862776367;1396.368134;0.863;1396
0.328823543;1148.627245;0.329;1149
0.853795533;1259.920662;0.854;1260
0.21836115;977.6736581;0.218;978
0.643245289;1029.264385;0.643;1029
0.223135744;1389.645154;0.223;1390
0.838434533;765.2667989;0.838;765
0.359999408;956.7049519;0.36;957
0.887212263;1111.462004;0.887;1111
0.482437567;936.1333457;0.482;936
0.386725941;889.9186242;0.387;890
0.422542576;830.1998042;0.423;830
0.400011677;709.0721952;0.4;709
0.389660055;853.6034242;0.39;854
0.826397661;816.5250757;0.826;817
0.637214151;1023.794266;0.637;1024
0.582347879;1183.507457;0.582;1184
0.8643955;1345.372399;0.864;1345
0.833159595;1065.371792;0.833;1065
0.347395525;1218.986859;0.347;1219
0.503042783;964.6252138;0.503;965
0.832499104;1157.92168;0.832;1158
0.230901033;1052.586784;0.231;1053
0.586371543;879.890329;0.586;880
0.697770681;691.792694;0.698;692
0.695641152;927.4009475;0.696;927
0.596939303;850.4232338;0.597;850
0.802712079;1375.429141;0.803;1375
0.358828865;1370.569498;0.359;1371
0.862137816;707.7766644;0.862;708
0.42556305;871.6141714;0.426;872
0.206190408;754.0901067;0.206;754
0.708388023;759.6133321;0.708;760
0.35421978;1288.123335;0.354;1288
0.628758787;912.6610481;0.629;913
0.464286055;794.4451034;0.464;794
0.734044147;988.8087683;0.734;989
0.442524392;1097.624421;0.443;1098
0.201975367;1299.636659;0.202;1300
0.822208615;984.4503436;0.822;984
0.396491278;1175.494593;0.396;1175
0.500395549;1360.405117;0.5;1360
0.254222768;678.5611431;0.254;679
0.526614084;1214.728714;0.527;1215
0.892732336;720.9360777;0.893;721
0.227539833;1243.843377;0.228;1244
0.513713273;1242.557418;0.514;1243
0.68723208;930.076351;0.687;930
0.33486736;749.198095;0.335;749
0.760599077;625.3035225;0.761;625
0.573816734;685.3044192;0.574;685
0.198825118;620.9317156;0.199;621
0.420332357;1234.362139;0.42;1234
0.857862579;755.7817998;0.858;756
0.291940432;690.2846552;0.292;690
0.204301575;1037.226384;0.204;1037
0.304876632;1237.020083;0.305;1237
0.711649622;799.0612142;0.712;799
0.514808811;1120.854683;0.515;1121
0.196251999;816.7645709;0.196;817
0.755218964;757.0899072;0.755;757
0.422078996;941.9257587;0.422;942
0.727329306;602.084352;0.727;602
0.774179943;1071.167315;0.774;1071
0.873503825;1170.618357;0.874;1171
0.728805878;805.0383601;0.729;805
0.478119382;1368.251834;0.478;1368
0.355096488;770.7956528;0.355;771
0.464114629;813.9377014;0.464;814
