V_COD_ESTA,V_ANO,V_MES,V_DIA,N_VI101,N_VI102,N_VI103,V_VT101,N_VT102,V_VT103,N_VT104,V_VT105,N_VT106,V_NB104,N_NB105,N_NB106,V_NB107,N_NB108,V_NB109,N_NB110,V_NB111,N_NB112,N_NB113,V_NB114,N_NB115,V_NB116,N_NB117,V_NB118,N_NB119,N_NB120,V_NB121,N_NB122,V_NB123,N_NB124,N_TM102,N_TM103,N_TM104,N_TM105,N_TM106,N_TM107,N_TM108,N_TM109,N_PT101,N_PT102,N_PT103,N_EV103,N_EV104,N_EV109
374,2012,12,1,45,42,1,E,2,W,7,W,9,,,,AS,5,CI,3,CU,1,1400,AS,2,CI,5,SC,8,800,,,,,18.4,4.8,8.4,18,11.9,7,11.6,9.5,0,0,0,0.3,1.8,2.1
374,2012,12,2,38,36,1,E,2,E,4,W,4,CU,8,1200,,,,,CU,7,1300,AC,1,,,ST,8,300,,,,,17.4,7.2,8.9,16,10.1,8.2,10.8,9.2,4.3,0,4.2,0.3,1.4,1.6
374,2012,12,3,10,35,1,W,2,W,4,W,7,ST,8,400,,,,,CU,8,1200,,,,,ST,8,200,,,,,16.8,8.7,9,15.6,10,8.4,9.8,8.2,0.1,0.1,0.1,0.2,1.2,1.6
374,2012,12,4,40,40,1,E,1,W,7,W,9,CU,7,1300,AC,1,,,CU,8,1300,,,,,ST,8,100,,,,,16,8.9,9.6,15.2,10.8,8.2,8.8,7.6,0,0,0,0.4,2.2,3.2
374,2012,12,5,40,42,2,W,2,W,4,W,7,CU,2,1300,AS,6,,,CU,7,1300,AC,1,,,,,,,,,,16.6,7.8,8,15.6,9.8,5.2,8.8,5.6,0,0,0,1,2.3,4.6
374,2012,12,6,50,45,2,E,2,W,4,W,2,,,,,,,,,,,,,CI,2,CU,4,1200,AC,2,,,18.7,3.2,6.4,17.6,12.2,3.9,9.2,7.6,0,0,0,2.3,1.5,2.7
374,2012,12,7,38,40,4,W,2,W,2,W,4.2,CU,2,1400,,,CI,4,CU,4,1300,AC,1,CI,1,CU,5,1200,AC,3,,,19.8,3.8,6,17.6,13.2,5,10,8.2,0,0,0,1.2,2.5,3.1
374,2012,12,8,38,41,1,E,2,W,4,E,7,CU,8,1300,,,,,CU,3,1400,AC,2,,,ST,8,200,,,,,19.9,7,10,17.4,11.2,7.2,11.6,9.8,13.8,0,13.4,0.6,1.7,2.2
374,2012,12,9,20,40,1,W,2,W,4,W,7,CU,8,1300,,,,,CU,2,1400,AC,1,CI,1,SC,8,1000,,,,,20,8.7,10.4,18.4,14.6,8.8,11.6,10.6,5.5,0.4,0,0.5,2.2,2.4
374,2012,12,10,20,34,4,E,2,W,4,W,7,ST,8,600,,,,,CU,7,1300,AS,1,,,CU,6,1200,AC,2,,,18.4,9.5,9.6,17.6,12.8,8.7,12.3,10.9,0.7,5.5,0.7,0.2,1.2,1.7
374,2012,12,11,40,30,1,E,2,W,7,W,7,CU,8,1200,,,,,CU,8,1200,,,,,SC,8,700,,,,,17.6,9.3,10.4,15.5,11,8.4,11.8,10,0.1,0,0.1,0.5,1.2,1.6
374,2012,12,12,40,42,4,E,2,W,4,W,9,CU,1,1400,AC,1,CS,6,CU,2,1400,AC,2,CI,1,CU,1,1300,AC,1,CI,2,19.5,7.1,8.2,19.4,11.6,7.2,14,9,0,0,0,0.4,2.2,3
374,2012,12,13,42,40,10,W,4,W,4,W,7,,,,AS,4,CI,4,CU,7,1300,AC,1,,,CU,1,1300,AC,3,CI,3,16.7,8.2,9,15.3,10.2,6.6,9.9,7.2,0,0,0,0.8,2.2,2.5
374,2012,12,14,42,45,20,E,1,W,7,NW,9,CU,1,1400,,,CI,2,CU,2,1500,AC,1,,,CU,1,1400,AC,1,,,18.6,3.5,4.9,18.3,11.9,4.9,10.5,8.1,0,0,0,0.3,2.4,2.7
374,2012,12,15,45,42,15,W,1,W,4,NW,9,CU,1,1400,AC,2,CI,5,,,,AS,4,CS,4,,,,AS,3,CI,4,19.3,3.1,4.8,17.8,12.6,4.6,10.2,6.4,0,0,0,0.3,3.2,3.8
374,2012,12,16,40,46,20,E,2,E,4,W,4,CU,2,1400,AC,2,CI,4,CU,1,1500,,,CI,7,,,,AC,1,CI,1,19.8,2.2,3.4,17.8,12.5,2.2,7.5,6.5,0,0,0,0.6,3.6,4.2
374,2012,12,17,45,44,4,E,1,W,4,W,9,,,,,,CI,3,CU,1,1500,,,CS,7,,,,AS,4,CI,4,19.5,2.1,3.8,18.3,12.7,3.6,7.7,8.8,0,0,0,0.6,2.8,4.1
374,2012,12,18,42,40,10,W,2,W,4,W,9,CU,8,1300,,,,,CU,6,1400,AC,2,,,CU,5,1300,AC,2,,,18.4,9.6,10,18.4,11.5,5.6,8.1,8,0,0,0,1.3,3.2,3.9
374,2012,12,19,40,38,1,W,2,W,4,W,4,CU,7,1200,,,,,CU,8,1300,,,,,CU,8,1200,,,,,17.8,9.8,10.6,17.3,10.4,8.1,11,8.2,1.2,0,1.2,0.7,1.6,2.3
374,2012,12,20,41,40,8,E,2,W,4,W,4,CU,8,1300,,,,,CU,5,1400,AC,3,,,CU,8,1200,,,,,19.4,9.2,9.8,18.7,14,7.2,11.8,9.4,0,0,0,0.7,2.6,3.1
374,2012,12,21,45,42,6,W,2,W,4,E,4,,,,AC,1,,,CU,4,1400,AC,3,,,CU,3,1200,AS,5,,,20.6,5.1,6.8,20.6,11.6,6.4,11.8,10,2,0,1.5,0.5,2,2.5
374,2012,12,22,30,35,1,W,1,W,4,E,2,SC,8,1000,,,,,CU,7,1200,AC,1,,,ST,6,800,AC,2,,,17.4,7.8,8.8,15.7,10.7,7.3,11.5,9.6,8.3,0.5,8.3,0.5,0.8,1.1
374,2012,12,23,25,40,8,W,4,E,4,E,7,CU,3,1300,AC,2,CI,3,CU,7,1300,AC,1,,,CU,5,1300,AC,2,,,19.5,9.5,10.8,18.2,14,9.6,12.1,10.6,0,0,0,0.3,2.2,2.9
374,2012,12,24,36,40,6,E,4,W,4,E,4,SC,8,1000,,,,,CU,3,1400,AC,1,CI,1,ST,8,600,,,,,21.2,10,11.6,20.3,13.6,9.6,12.8,10.3,3.9,0,0,0.7,2.3,2.6
374,2012,12,25,10,37,4,E,2,W,4,W,4,ST,8,300,,,,,CU,4,1400,AC,1,,,SC,7,700,AC,1,,,18.9,9.6,9.8,17.6,12.6,8.8,12.6,10.4,7,3.9,0.1,0.3,1.4,1.6
374,2012,12,26,10,28,1,E,2,E,4,W,4,ST,8,500,,,,,SC,8,1000,,,,,ST,8,200,,,,,16.8,8.5,10.7,16,11.6,9,11.9,10.5,11,6.9,4.5,0.2,0.9,1.1
374,2012,12,27,12,35,2,W,2,W,4,W,4,SC,8,900,,,,,CU,5,1300,AC,1,,,ST,8,300,,,,,17.5,9.4,10,17.4,13.3,9.5,12.5,10.5,12.8,6.5,2.6,0.2,1,1.2
374,2012,12,28,38,8,2,W,4,W,2,W,2,CU,8,1200,,,,,ST,8,400,,,,,ST,6,300,AC,2,,,18.1,9.1,9.6,11.7,12.8,8.8,10.8,11,5.3,10.2,4.2,0.2,0.8,1.1
374,2012,12,29,30,35,2,E,2,W,4,W,2,CU,3,1400,AC,2,,,SC,8,900,,,,,ST,8,300,,,,,19.1,10,10.3,14.2,12.5,9.4,11.9,10.4,27.3,1.1,3.8,0.3,1.2,1.5
374,2012,12,30,25,30,2,E,1,W,4,W,7,ST,8,500,,,,,ST,7,600,AC,1,,,ST,8,400,,,,,16,9.2,9.8,13.5,11.1,9.3,11.1,10.2,27.3,23.5,21.6,0.3,0.6,0.8
374,2012,12,31,10,12,6,E,4,W,4,W,4,SC,8,900,,,,,ST,8,500,,,,,SC,8,800,,,,,16.3,8.8,9.2,14.4,11.1,8.7,11.8,10,3.8,5.7,3.5,0.2,0.6,0.8
374,2013,1,1,20,36,4,E,2,W,2,E,4,CU,6,1300,AC,2,,,CU,5,1400,AC,2,,,SC,6,700,AS,2,,,18.6,9.4,10.4,17.2,12.5,9.5,12.2,10.6,2.1,0.3,1.8,0.2,1.2,1.4
374,2013,1,2,35,38,10,E,4,W,4,E,4,CU,4,1300,AC,2,,,CU,6,1300,AC,2,,,CU,6,1200,AC,1,,,18.5,7.4,9,17.4,12.7,8.6,13.2,10.8,4.5,0.3,0.8,0.2,1.3,1.6
374,2013,1,3,30,32,12,E,1,E,4,E,4,CU,5,1400,AC,2,CI,1,CU,8,1200,,,,,CU,5,1300,AC,2,,,17.8,8.5,9.8,16.4,12.8,9,12.3,10.6,1.3,3.7,1.2,0.3,1.2,1.6
374,2013,1,4,40,43,10,E,1,E,4,E,4,CU,3,1400,AC,2,CI,2,CU,6,1400,AC,2,,,CU,4,1300,AC,3,,,19.7,9.3,10.1,19.3,14.2,8.8,12.5,10.6,0,0.1,0,0.4,2.2,2.7
374,2013,1,5,39,40,15,E,2,E,4,E,2,CU,7,130,AC,1,,,CU,5,1400,AC,2,,,CU,5,1400,AC,2,,,20.9,6.7,8.8,2,15,8.1,12.4,11.4,0.2,0,0,0.5,2.1,2.7
374,2013,1,6,28,38,10,E,4,E,4,E,4,SC,8,1000,,,,,CU,4,1400,AC,1,CI,1,CU,6,1400,AC,1,,,20.6,11,11.4,19,14.6,9.2,12.6,10.8,0,0.2,0,0.6,2.1,2.8
374,2013,1,7,30,40,6,E,2,E,4,E,4,CU,8,1200,,,,,CU,4,1300,AC,2,,,CU,8,1200,,,,,20,10.3,11.4,19,13.6,9.4,11.4,9.6,0,0,0,0.7,2.7,3.4
374,2013,1,8,35,39,15,E,4,E,4,E,7,CU,6,1300,AC,2,,,CU,4,1400,AC,1,,,CU,8,1200,,,,,19.5,8.9,9.6,18.8,13.8,7.6,12,10.2,0,0,0,0.7,2.5,3.6
374,2013,1,9,42,40,20,E,4,E,4,E,7,CU,1,1400,,,,,CU,5,1500,AC,1,,,CU,3,1400,AC,2,CI,1,19.4,11.1,12.6,18.9,13.8,8.1,12.2,10,0,0,0,1.1,2.7,3.6
374,2013,1,10,40,41,10,E,4,W,4,E,7,CU,8,1300,,,,,CU,7,1400,AC,1,,,SC,8,700,,,,,20.8,9.6,10.8,19.8,14.8,8.4,12,11.2,0.7,0,0,0.9,2.4,2.9
374,2013,1,11,45,42,20,E,4,W,4,W,4,,,,AC,1,,,CU,6,1300,AC,2,,,CU,6,1300,AC,2,,,21.6,9.9,11.6,18.9,14.5,9.3,13.2,11.1,0.8,0.7,0,0.5,2.2,2.8
374,2013,1,12,20,30,15,W,4,W,4,E,2,CU,6,1400,AC,2,,,SC,7,1000,AC,1,,,SC,8,800,,,,,16.9,10.4,10.6,16.1,12.8,9.8,12.6,11,2.5,0.8,2.5,0.6,0.9,1.2
374,2013,1,13,40,40,20,W,2,E,4,W,4,CU,7,1200,AC,1,,,CU,3,1400,AC,2,CI,1,CU,6,1200,AC,2,,,21.2,8.2,9.6,18.8,14.5,8.8,11.8,11.6,0,0,0,0.3,1.7,2.1
374,2013,1,14,36,42,10,E,2,W,4,W,4,CU,5,1300,AC,2,,,CU,4,1500,AC,1,,,CU,7,1200,AC,1,,,21,1.6,12.3,19,13.9,11,12.8,11,2.6,0,2.6,0.4,1.8,2.2
374,2013,1,15,38,41,20,W,1,W,2,W,4,CU,3,1400,AC,2,,,CU,5,1400,AC,1,,,CU,1,1400,,,,,19.4,7,7.8,17.8,12.2,7.8,12,9.4,0,0,0,0.4,1.9,2.2
374,2013,1,16,40,40,6,E,1,E,2,W,7,CU,1,1400,AC,1,,,CU,7,1300,AC,1,,,CU,8,1200,,,,,19,7.3,8.2,16,11.5,7.4,10.6,10.1,2.2,0,0.5,0.3,1.8,2.1
374,2013,1,17,30,44,12,W,2,W,4,W,7,CU,7,1200,,,,,CU,1,1500,AC,1,,,CU,6,1300,AC,2,,,20,8.5,9.3,18.1,13.2,7.8,9.6,8.6,0,1.7,0,0.3,2.4,3.1
374,2013,1,18,42,41,20,E,2,E,2,W,7,CU,1,1400,,,,,CU,5,1400,AC,1,CI,1,CU,1,1400,,,,,20.5,7.4,9.2,18.6,13.6,8,12.2,9.8,0,0,0,0.7,2.2,2.7
374,2013,1,19,39,40,25,E,2,E,4,W,4,CU,5,1400,AC,1,,,CU,4,1400,AC,2,,,CU,1,1300,,,CI,2,21,7.9,10.5,20.4,14.7,9.2,12.8,10.6,0,0,0,0.5,2.2,2.8
374,2013,1,20,36,39,22,E,4,E,4,E,4,CU,7,1200,AC,1,,,CU,5,1400,AC,2,,,CU,5,1300,AC,2,,,20.7,8.4,10.7,18.9,15.6,8.8,11.5,11.1,0,0,0,0.6,2.6,3.3
374,2013,1,21,38,28,6,E,2,E,4,E,2,CU,8,1200,,,,,SC,8,1000,,,,,SC,5,800,AC,1,CI,1,19.6,9.3,11.5,18,14,9.3,13.1,11.9,0.9,0,0.4,0.7,1.7,1.9
374,2013,1,22,20,36,4,E,2,E,4,E,4,ST,8,500,,,,,CU,6,1300,AC,2,,,ST,8,600,,,,,19.8,8.7,10.4,17.8,13.8,9.6,12.6,11.1,23,0.5,1.3,0.2,1.4,1.5
374,2013,1,23,36,35,10,W,2,W,4,E,7,CU,8,1200,,,,,CU,6,1400,AC,2,,,ST,6,500,AC,2,,,19.5,8.9,9.3,17.8,11.4,8.9,12.4,10.4,17.2,21.7,7.7,0.1,1.1,1.3
374,2013,1,24,1,37,15,W,1,W,4,W,7,ST,8,400,,,,,CU,5,1400,AC,2,,,ST,8,600,,,,,18.2,8.7,8.8,16.6,10.5,8.4,12.5,9.2,1.5,9.5,1.4,0.2,1.2,1.4
374,2013,1,25,40,35,1,W,1,W,2,W,2,CU,3,1400,AC,4,,,CU,3,1400,AC,1,,,ST,8,200,,,,,20.6,8.1,8.7,17.8,12.4,8.4,13.4,10.5,4.8,0.1,1.1,0.2,1.8,2
374,2013,1,26,30,38,25,E,2,E,4,W,4,CU,4,1300,AC,1,,,CU,7,1300,AC,1,,,CU,3,1400,AC,2,,,20.1,7.6,10,16.9,15,9.1,12.6,11.8,0,3.7,0,0.2,1.9,2.4
374,2013,1,27,45,40,20,E,2,E,4,W,4,CU,1,1400,,,,,CU,4,1400,AC,2,CI,1,CU,5,1400,AC,2,,,21,9.9,10.5,19.7,16,8.9,12.4,12.2,0.4,0,0,0.5,2.4,3
374,2013,1,28,30,37,8,E,4,E,4,E,2,CU,8,1300,,,,,CU,5,1400,AC,1,,,CU,7,1200,AC,1,,,20.6,11.6,11.9,19.2,13.8,10.2,12.7,11.4,3,0.4,0.3,0.6,2,2.4
374,2013,1,29,34,39,15,E,2,E,4,E,1,CU,5,1300,AC,2,CI,1,CU,6,1400,AC,2,,,CU,7,1200,AC,1,,,21.2,10.6,10.8,19.8,15.1,9.8,13,11.8,0,2.7,0,0.4,2.2,2.9
374,2013,1,30,36,40,30,E,4,E,4,W,4,CU,5,1400,AC,1,CI,1,CU,3,1500,AC,1,,,CU,4,1400,AC,2,CI,2,22.4,10.7,11.5,21,17.4,10,12.4,12.3,0,0,0,0.7,2.7,3.4
374,2013,1,31,35,38,15,E,2,W,7,W,7,CU,6,1300,AC,2,,,CU,5,1400,AC,2,,,CU,3,1400,AC,1,CI,2,21.8,10.6,11,20.4,14,9.4,13.8,10.6,0,0,0,0.7,2.5,3
374,2013,2,1,37,40,6,E,1,W,4,W,4,CU,3,1400,AC,2,CI,3,CU,3,1400,AC,1,CI,2,SC,8,900,,,,,22.3,8.4,9.4,20.2,12.4,8.7,12.9,10.8,1.8,0,1.5,0.5,1.8,2.1
374,2013,2,2,40,41,10,E,2,W,4,E,2,,,,AC,2,CI,4,CU,4,1400,AC,1,CI,3,SC,8,1000,,,,,20.6,7.4,7.7,18.4,12.8,7.6,13.3,10.6,18.5,0.3,18.5,0.3,1.2,1.4
374,2013,2,3,35,38,4,E,2,W,7,W,1,CU,1,1300,AC,1,CI,4,CU,4,1400,AC,1,CI,1,ST,8,300,,,,,19,7.1,7.6,17.8,11.3,7.6,13.1,10.4,16.8,0,6.4,0.2,1.2,1.4
374,2013,2,4,10,10,4,W,2,E,4,E,7,ST,8,500,,,,,ST,8,600,,,,,ST,8,500,,,,,15.2,10.4,10.7,14.3,12.5,9.9,12,11.2,7.1,10.4,2.1,0.2,0.4,0.6
374,2013,2,5,12,20,1,E,2,E,4,E,4,ST,8,600,,,,,CU,7,1200,,,CI,1,ST,8,200,,,,,15.5,10.2,10.4,13.3,9.8,10,11.7,9.2,24.4,5,20.1,0.2,0.7,0.8
374,2013,2,6,36,38,10,W,2,W,4,W,4,CU,4,1400,AC,2,,,CU,3,1400,,,CI,3,CU,3,1200,AC,2,,,18.6,8.6,9,16,12.4,8.8,12.2,10.8,1.4,4.3,0.8,0.1,1,1.2
374,2013,2,7,20,40,6,W,2,W,4,W,4,CU,8,1200,,,,,CU,4,1300,AC,2,,,SC,8,1000,,,,,18.5,9.9,10,18.6,12.9,9.8,13,10.1,0.3,0.6,0,0.2,1.2,1.4
374,2013,2,8,30,37,8,W,2,W,4,E,4,CU,8,1300,,,,,CU,5,1300,AC,3,,,CU,6,1200,AC,2,,,18.4,10.3,10.4,15.8,11.6,9.8,11.6,10.5,1,0.3,1,0.2,0.8,1.1
374,2013,2,9,40,39,1,W,2,E,2,W,4,CU,8,1300,,,,,CU,5,1400,AC,3,,,ST,8,300,,,,,17.6,8.8,8.9,16.6,10,7.8,11.2,9,2.9,0,2,0.3,1.3,1.5
374,2013,2,10,40,42,10,W,2,W,4,W,7,CU,1,1400,AC,2,,,CU,2,1400,,,CI,1,CU,8,1200,,,,,18.4,6.4,6.6,18,12,6.6,12,9.2,0.1,0.9,0,0.2,1.7,2.1
374,2013,2,11,35,38,12,W,2,W,2,W,7,CU,2,1400,AC,2,,,CU,5,1300,AC,2,,,CU,8,1200,,,,,16.4,6.6,7.2,15.6,11.2,6,10.2,9,1,0.1,1,0.4,1.1,1.8
374,2013,2,12,38,40,8,W,2,W,4,E,7,CU,5,1300,AC,3,,,CU,6,1400,AC,1,,,CU,1,1300,AC,3,,,17.1,5.4,6.8,16.5,11.4,6.4,10.6,8.5,0,0,0,0.7,1.7,2
374,2013,2,13,42,39,15,W,2,W,2,W,4,,,,AS,8,,,CU,6,1300,AC,2,,,CU,2,1400,,,CI,1,18.4,4.3,5.9,16.8,12.2,5.2,9.8,8.9,0,0,0,0.3,2.1,2.4
374,2013,2,14,40,40,10,E,2,W,2,W,7,CU,2,1400,AS,4,CI,2,CU,4,1400,AC,2,,,CU,8,1200,,,,,20.3,4.2,5,18.2,12.2,4.8,10.1,9.2,0,0,0,0.3,2.3,2.8
374,2013,2,15,42,35,2,W,2,E,2,E,2,CU,8,1300,,,,,CU,8,1200,,,,,SC,8,1000,,,,,16.2,5.9,7.8,14.2,10.4,7.2,10,9,1.1,0,1.1,0.5,1,1.2
374,2013,2,16,30,40,2,E,2,E,2,E,4,CU,8,1300,,,,,CU,4,1400,AC,1,,,CU,2,1300,AS,1,CI,3,18.5,6.8,8,17.4,12.9,7.6,12,9.6,0,0,0,0.2,1.7,2.1
374,2013,2,17,38,39,8,W,2,E,2,E,2,CU,3,1300,AC,2,CI,1,CU,6,1400,AC,2,,,CU,6,1300,AC,2,,,18.8,7.8,8.6,16,11.6,8,11.8,8.6,4.7,0,4.6,0.4,1.2,1.3
374,2013,2,18,35,30,2,E,2,W,2,E,2,CU,7,1300,AC,1,,,CU,5,1300,AC,2,,,CU,8,1200,,,,,16.4,5.6,8.6,13.2,12,8.2,11.2,10.4,8.2,0.1,5.5,0.1,1.2,1.4
374,2013,2,19,30,38,10,E,2,E,2,W,4,CU,8,1300,,,,,CU,3,1400,AC,3,CI,1,CU,5,1300,AC,3,,,18.2,9,9.2,17.4,13.4,8.8,12,10.6,0,2.7,0,0.2,1.5,1.9
374,2013,2,20,28,36,6,E,2,W,4,E,4,CU,8,1200,,,,,CU,4,1400,AC,2,,,SC,6,1000,AC,2,,,18.1,9.6,10.2,17,11,9.2,12.5,9.6,3.3,0,3.3,0.4,1.4,1.6
374,2013,2,21,36,40,2,W,2,E,4,E,2,CU,3,1400,AC,2,CI,1,CU,6,1300,AC,2,,,ST,8,500,,,,,19.8,7.8,9.2,17.4,13.2,8.6,12,11.1,0.6,0,0,0.2,1.8,2.1
374,2013,2,22,35,36,1,E,2,E,2,W,4,CU,5,1300,AC,3,,,CU,7,1300,,,,,ST,8,600,,,,,17.2,10.2,10.9,12.8,13.2,9.8,11.3,10.8,17.6,0.6,3.4,0.3,1.2,1.4
374,2013,2,23,25,35,15,E,2,E,2,W,2,ST,8,500,,,,,CU,4,1400,AC,2,CI,1,CU,2,1400,AC,3,CI,2,19.4,8.7,8.8,17.8,11.7,8.4,13,10.4,0.4,14.2,0.4,0.2,1.2,1.4
374,2013,2,24,35,40,20,E,2,W,4,E,4,CU,3,1400,AC,4,CI,1,CU,5,1400,AC,3,,,CU,1,1300,AC,1,CI,2,20.7,7.4,9.6,18.8,14.4,9,12.6,11.2,0,0,0,0.2,1.4,1.8
374,2013,2,25,30,39,8,W,2,W,4,E,2,CU,5,1300,AC,2,,,CU,5,1400,AC,1,,,SC,4,1000,AC,3,CI,1,19.4,7.3,10,19.3,14.6,9.4,13.6,11,1.9,0,0.2,0.4,1.4,1.7
374,2013,2,26,20,28,10,E,2,W,2,E,2,SC,8,1000,,,,,ST,8,600,,,,,SC,8,800,,,,,19.2,9,10,15.6,13.2,9.6,12.5,11.4,0.3,1.7,0.3,0.3,1.2,1.8
374,2013,2,27,30,40,1,E,2,E,2,W,4,CU,4,1400,AC,3,,,CU,5,1400,AC,1,CI,1,ST,8,200,,,,,20.4,10.7,11.4,18.6,11.3,9.2,12.4,10.2,21,0,12.3,0.6,2,2.1
374,2013,2,28,20,35,1,E,2,W,4,W,4,SC,6,1000,AC,2,,,CU,4,1400,AC,1,CI,2,ST,8,300,,,,,18.7,9.4,10.4,17,14,9.8,12,11.9,1.8,8.7,0.8,0.1,1.3,1.6
374,2013,3,1,20,30,1,W,2,W,4,E,1,SC,7,1000,AC,1,,,CU,6,1400,AC,2,,,ST,8,200,,,,,19.2,10.9,11,17.2,11.1,10.2,12.8,9.7,21.2,1,14.3,0.3,1.2,1.3
374,2013,3,2,15,35,4,W,2,E,4,E,4,SC,8,1000,,,,,CU,4,1400,AC,1,CI,2,SC,8,700,,,,,20,9.4,9.8,18.9,14.4,9.6,12.8,11.6,0.1,6.9,0,0.1,1.5,2.2
374,2013,3,3,30,32,10,E,2,W,4,E,4,CU,7,1200,AC,1,,,SC,8,1000,,,,,CU,3,1400,AC,2,CI,3,18,11,11.2,17.5,12.9,9.8,12.3,11.6,5.6,0.1,1.8,0.7,1.4,1.8
374,2013,3,4,10,35,2,E,2,E,4,E,4,ST,8,500,,,,,SC,6,1000,AC,2,,,ST,8,300,,,,,17.8,10.4,10.4,16,12.7,9.8,12.1,11.7,9.2,3.8,2.8,0.4,1,1.2
374,2013,3,5,8,32,6,E,2,E,4,E,2,ST,8,400,,,,,CU,6,1300,AC,2,,,ST,8,200,,,,,19.3,8.5,10,17.8,12.3,9.7,13,11.2,7.7,6.4,3,0.2,1.3,1.5
374,2013,3,6,35,30,1,E,2,W,4,E,1,CU,2,1400,AC,3,CI,2,CU,5,1400,AC,1,CI,1,ST,8,100,,,,,17.4,8.8,8.9,17.4,11,8.5,13.2,10,11.7,4.7,7.5,0.2,0.9,1.1
374,2013,3,7,6,36,4,E,1,E,4,W,4,ST,8,300,,,,,CU,5,1400,AC,2,CI,1,SC,8,800,,,,,19.2,9.2,9.9,16.6,12.5,9.4,11.7,10.4,7.2,4.2,0.8,0.2,1.2,1.4
374,2013,3,8,25,30,6,E,1,E,2,E,2,ST,8,500,,,,,CU,8,1200,,,,,SC,8,700,,,,,18.1,10.1,10.2,15.3,12.8,9.8,12.4,11.4,3,6.4,3,0.2,0.7,0.9
374,2013,3,9,10,25,1,E,4,E,2,E,2,CU,8,1200,,,,,SC,8,900,,,,,ST,8,100,,,,,17.8,10,10.4,14.4,11.4,9.8,12,10.6,5,0,4.6,0.2,1.1,1.2
374,2013,3,10,30,38,1,E,2,W,4,W,4,CU,6,1200,AC,2,,,CU,5,1400,AC,1,,,ST,8,200,,,,,19.1,8.2,9.9,18.3,11.8,9.2,13.7,10.6,14.7,0.4,5.4,0.1,1.3,1.5
374,2013,3,11,35,40,1,E,1,E,4,E,1,CU,8,1300,,,,,CU,5,1400,AC,2,,,ST,8,200,,,,,19.4,8.8,9.2,16.9,12.8,8.9,11.6,11.3,6.5,9.3,5,0.2,1.2,1.4
374,2013,3,12,10,30,2,E,2,W,4,E,2,ST,8,400,,,,,CU,7,1300,AC,1,,,ST,8,500,,,,,17.4,9.6,10.6,15.5,12.7,9.9,12.2,11.3,7.4,1.5,3.7,0.2,0.8,1
374,2013,3,13,32,35,4,E,1,W,4,W,4,CU,6,1200,AC,2,,,CU,8,1300,,,,,SC,8,900,,,,,16.6,10.1,10.4,15.7,11.9,10.1,12.2,10.2,6.3,3.7,0.7,0.2,0.8,1
374,2013,3,14,30,37,10,E,2,W,4,E,4,CU,5,1200,AC,2,CI,1,CU,4,1400,AC,2,CI,2,CU,8,1200,,,,,18.8,9.2,9.3,17.8,14.2,9,13,10.4,0,5.6,0,0.2,1.1,1.3
374,2013,3,15,25,34,8,W,2,E,4,E,4,CU,6,1200,AS,2,,,CU,6,1300,AC,2,,,CU,3,1300,AC,3,CI,,18.4,9.4,10.5,17.4,12.8,10,13.6,10.9,2.3,0,0.2,0.2,1.1,1.3
374,2013,3,16,22,28,1,E,2,W,4,E,1,CU,8,1200,,,,,CU,8,1200,,,,,ST,8,400,,,,2,18,10.1,10.4,16.5,11.6,9.5,12.4,10.8,16.5,2.1,2.1,0.2,0.9,1.1
374,2013,3,17,32,30,2,W,4,W,4,W,4,CU,8,1200,,,,,CU,7,1200,AC,1,,,ST,8,300,,,,,16.6,9.3,9.6,15.4,10.8,9.2,12.5,9.8,6,14.4,5.4,0.2,0.6,0.8
374,2013,3,18,15,28,2,E,4,W,4,E,1,CU,6,1200,AC,1,CI,1,CU,5,1400,AC,2,CI,1,ST,8,400,,,,,17.8,9.7,9.8,17.1,11.4,9.4,12.8,10.6,6.1,0.6,1.9,0.2,0.8,1
374,2013,3,19,35,35,4,E,2,W,4,W,2,SC,8,1000,,,,,CU,8,1200,,,,,ST,8,500,,,,,15.6,8.5,9,15,12.2,8.7,11.6,10.7,0.8,4.2,0.6,0.2,0.9,1.1
374,2013,3,20,37,28,1,E,2,E,2,W,2,CU,8,1200,,,,,ST,8,500,,,,,ST,8,100,,,,,15,9,9.2,12.5,9.6,8.8,11,9.2,7.4,0.2,6.8,0.2,0.4,0.6
374,2013,3,21,34,20,1,E,1,W,4,E,1,SC,8,900,,,,,SC,8,1000,,,,,ST,8,100,,,,,13.2,8.9,9,12,10,8.5,9.8,9.2,11.8,0.6,5,0.2,0.4,0.5
374,2013,3,22,1,25,10,W,2,W,4,E,2,ST,8,200,,,,,CU,8,1200,,,,,CU,1,1300,AC,2,CI,4,13.4,8.6,8.8,11.7,11.1,8.6,9.1,10,2.8,6.8,2.8,0.1,0.4,0.6
374,2013,3,23,20,35,8,E,1,W,4,W,4,CU,3,1300,AC,2,CI,3,CU,2,1400,AC,1,CI,1,CU,3,1400,AC,1,CI,2,19.7,8.7,9.6,17.4,13.5,8.8,13.2,11.6,0,0,0,0.2,1.4,1.6
374,2013,3,24,40,40,1,W,1,W,4,W,2,CU,3,1300,AC,3,CI,2,CU,5,1400,AC,1,CI,2,ST,8,200,,,,,19.1,7.3,7.8,18.6,9.6,7.7,13.4,8.9,16.8,0,16.4,0.2,1,1.1
374,2013,3,25,38,36,1,W,1,W,4,E,2,CU,3,1400,AC,2,CI,3,CU,2,1400,AC,1,CI,1,ST,8,300,,,,,19.6,5.7,6.7,18.2,11.2,6.7,13.2,9.6,5.2,0.4,4,0.1,1.5,1.7
374,2013,3,26,25,38,10,E,1,W,4,E,1,CU,5,1300,AC,2,CI,1,CU,6,1400,AC,2,,,CU,1,1400,,,CI,7,18,9.6,10.2,17,13.5,9.3,12.5,11.3,0,1.2,0,0.2,1.3,1.6
374,2013,3,27,32,15,1,E,2,W,4,W,4,CU,6,1300,AC,1,CI,1,SC,8,1000,,,,,ST,8,200,,,,,16.4,10,10.2,14.8,10.5,9.2,11.6,9.5,18.6,0,7.4,0.3,0.8,1
374,2013,3,28,28,37,1,W,2,W,4,W,4,CU,7,1300,AC,1,,,CU,5,1400,AC,2,,,ST,8,300,,,,,16.2,8,8.4,15.4,12,8,11.4,10.6,2.8,11.2,1.1,0.2,0.8,1
374,2013,3,29,10,35,6,E,2,W,4,W,1,ST,8,400,,,,,CU,8,1300,,,,,CU,2,1300,AC,2,CI,2,17.5,9.6,10,16.2,11.7,9.4,12,10.6,8.2,1.7,8.2,0.2,0.9,1.1
374,2013,3,30,20,36,6,W,2,W,4,W,1,CU,2,1400,,,CI,6,CU,5,1400,AC,2,CI,1,CU,6,1300,AC,2,,,19.6,6.9,7.9,18,11.9,7.8,13.4,10.1,3.5,0,0.2,0.2,1.3,1.5
374,2013,3,31,35,38,10,E,2,W,4,E,2,CU,2,1400,,,CI,6,CU,3,1400,AC,1,CI,2,CU,4,1300,AC,2,,,20,8.8,9.2,18.6,14.1,8.6,14,10.8,0.2,3.3,0,0.2,1.6,2.2
374,2013,4,1,40,36,2,E,2,E,4,E,4,CU,7,1300,AC,1,,,CU,6,1300,AC,2,,,CU,6,1300,AC,2,,,19.8,10.2,11,17.8,14.7,9.7,13.4,11.4,15.1,0.2,0,0.6,1.6,2.1
374,2013,4,2,32,30,1,E,1,E,2,W,2,CU,8,1200,,,,,CU,8,1200,,,,,CU,4,1300,AC,2,,,16.8,10,10.2,14.5,12.2,9.6,12.1,11.2,3.5,15.1,3.4,0.5,0.6,0.8
374,2013,4,3,35,36,1,E,2,W,4,E,2,CU,3,1400,AC,2,,,CU,4,1400,AC,1,,,CU,8,1200,,,,,19.2,9.1,10.7,18.6,13,9.9,13.2,10.4,0.3,0.1,0.2,0.2,1.3,1.6
374,2013,4,4,20,38,1,W,2,E,4,W,7,CU,8,1200,,,,,CU,6,1300,AC,2,,,ST,8,600,,,,,18.4,10.5,11,17.2,12.2,9.9,12.4,10.2,0.6,0.1,0.4,0.3,1.1,1.3
374,2013,4,5,10,36,1,E,2,W,4,W,4,ST,8,500,,,,,CU,2,1400,AC,2,CI,1,ST,8,400,,,,,16,9.7,10.7,15,10.7,9.4,12.1,9.6,14.6,0.2,14.5,0.2,0.6,0.7
374,2013,4,6,45,40,1,E,1,W,2,W,4,,,,AC,1,CI,1,CU,3,1400,AC,1,,,ST,8,200,,,,,21,6.3,7,18.4,12.1,7,13.5,11.1,8.3,0.1,0.5,0.1,1.4,1.7
374,2013,4,7,10,36,10,E,2,E,4,E,2,ST,8,400,,,,,CU,7,1200,AC,1,,,,,,AC,1,,,17.6,10,10.1,16.7,12.9,9.7,11.3,11.4,0.2,7.8,0.2,0.3,0.9,1.1
374,2013,4,8,15,32,1,E,1,W,4,W,4,CU,6,1200,AC,2,,,CU,5,1300,AC,2,CI,1,SC,8,800,,,,,19.4,8.8,9.3,17.2,13.4,9.2,12.4,10.2,12.9,0,0.5,0.2,1.3,1.5
374,2013,4,9,12,35,2,E,2,W,7,W,2,ST,8,300,,,,,CU,5,1200,AC,3,,,CU,5,1300,AC,3,,,18.2,9.2,9.3,15.4,13.2,8.8,12.4,11.1,0.4,12.4,0.4,0.2,1,1.2
374,2013,4,10,15,37,8,E,2,E,2,E,2,SC,8,1000,,,,,CU,6,1300,AC,1,,,CU,1,1400,,,CI,3,17.5,9,10.4,16.7,12.8,9.9,12.9,10.9,5.8,0,5.7,0.2,1.1,1.3
374,2013,4,11,25,34,1,E,1,E,4,W,4,CU,8,1200,,,,,CU,5,1400,AC,1,,,ST,8,300,,,,,19.7,7.7,9.6,18.8,11.8,9.5,13.5,10.7,26.3,0.1,26.3,0.2,1,1.1
374,2013,4,12,10,38,2,E,2,W,4,E,1,CU,5,1200,AC,1,,,CU,6,1400,,,,,CU,7,1200,,,,,19.6,9,9.8,18.2,14.2,9.6,12.9,12.4,3.4,0,3.2,0.1,1.3,1.7
374,2013,4,13,32,35,1,E,4,E,4,E,7,CU,7,1300,AC,1,,,CU,7,1200,AC,1,,,CU,6,1200,AC,2,,,18.9,10.3,11,16.6,13.8,9.3,12,11,0,0.2,0,0.4,1.8,2.2
374,2013,4,14,40,39,10,E,1,W,4,E,2,CU,5,1400,AC,1,,,CU,6,1400,AC,2,,,CU,4,1400,AC,1,,,20,7.2,8.3,18.2,14.7,7.6,12.8,11.6,0.6,0,0,0.4,1.7,2.4
374,2013,4,15,38,40,6,E,2,E,2,E,2,CU,7,1200,,,CI,1,CU,7,1300,AC,1,,,CU,1,1400,,,,,18.8,10,10.5,18.2,12.4,9.1,12.2,10.7,1,0.6,1,0.7,1.3,1.8
374,2013,4,16,35,38,1,E,2,W,4,E,1,CU,7,1200,AC,1,,,CU,5,1400,AC,1,,,ST,8,200,,,,,18.6,9.9,10.4,18.2,11.8,9.6,12.8,10.6,10.4,0,5.3,0.5,1.4,1.6
374,2013,4,17,39,36,1,E,2,NW,2,E,1,CU,4,1400,AC,3,CI,1,CU,7,1300,AC,1,,,SC,8,700,,,,,17.3,9.1,9.2,16.1,12.9,8.8,12.2,10.8,0.2,5.1,0,0.2,1.2,1.6
374,2013,4,18,30,35,2,E,4,W,4,W,2,CU,6,1300,AC,2,,,CU,6,1400,AC,2,,,CU,3,1300,AC,1,,,19.2,9.8,10.1,16.8,11,8.7,12,9.5,1.7,0.2,1.2,0.4,1.3,1.6
374,2013,4,19,28,34,2,E,2,W,4,E,2,CU,8,1000,,,,,CU,7,1000,AC,1,,,SC,6,800,AC,2,,,18.7,9.9,10.4,12.2,8.4,9.7,10.4,7.9,51.3,0.5,50.8,0.3,1,1.2
374,2013,4,20,25,38,15,E,2,NW,7,W,7,CU,4,1300,AC,3,CI,1,CU,3,1400,AC,1,CI,4,,,,,,,,18.1,6,6.8,16.4,10.8,6.8,11.4,8.6,0,0.5,0,0.2,1.7,1.9
374,2013,4,21,45,47,10,E,1,E,2,W,4,,,,AC,1,CI,2,CU,1,1500,,,CI,4,CU,1,1400,,,,,19.2,4.1,5,17.2,13.4,5,11.4,9.9,0,0,0,0.2,1.7,1.9
374,2013,4,22,20,42,8,E,2,E,4,W,7,CU,3,1300,AC,1,CI,1,CU,2,1400,AC,1,CI,1,SC,5,1000,AC,3,,,19.3,6.1,8,17.4,13.4,7.2,11.8,9.9,0,0,0,0.2,1.9,2.4
374,2013,4,23,48,40,4,E,1,NW,7,E,2,,,,,,CI,2,CU,2,1400,AC,1,,,SC,8,900,,,,,19,4.9,5.8,17.1,12.7,5.7,10.9,9.2,0.2,0,0,0.5,1.9,2.6
374,2013,4,24,50,48,20,E,2,E,7,E,2,,,,,,,,,,,AC,1,,,,,,,,,,19.4,7.2,7.8,17.6,13.9,6.2,11.5,10,0,0.2,0,0.7,2.2,2.6
374,2013,4,25,50,41,18,W,2,E,4,W,7,,,,,,,,CU,1,1500,,,,,CU,2,1400,AC,1,,,19.8,3.6,4.4,17.8,13.6,4.4,11.9,9.5,0,0,0,0.4,2.1,2.4
374,2013,4,26,38,40,15,E,1,NW,4,W,7,CU,1,1300,,,,,,,,AC,1,,,CU,1,1200,AC,1,CI,1,20.6,6.1,6.9,19.5,13.2,6.9,12.6,9.7,0,0,0,0.3,2.3,2.6
374,2013,4,27,42,43,10,E,1,NW,7,W,7,,,,AC,1,,,CU,1,1400,,,CI,1,,,,,,CI,1,20.8,4.9,5.8,19,12.7,5.8,12.6,9.6,0,0,0,0.3,2.4,2.9
374,2013,4,28,35,37,2,W,2,NW,4,E,7,CU,6,1200,AC,1,CI,1,CU,6,1300,AC,2,,,CU,8,1200,,,,,19.4,7.8,9,17.2,12.9,7.9,11.4,10,0,0,0,0.5,1.8,2.2
374,2013,4,29,40,41,8,E,1,E,4,E,1,CU,1,1300,,,,,CU,3,1400,AC,2,,,,,,,,,,19,4.8,6.6,18.1,13.3,5.7,9.9,8.4,0,0,0,0.4,2.6,3.3
374,2013,4,30,36,39,10,E,2,SE,4,E,2,CU,3,1200,AC,2,,,CU,7,1300,AC,1,,,CU,1,1300,AC,1,CI,1,18.2,8,9.8,17.7,13.8,7.4,10.7,10.3,0,0,0,0.7,2.1,2.5
374,2013,5,1,45,38,1,E,1,E,7,W,7,,,,AC,1,CI,1,CU,6,1300,AC,1,CI,1,ST,8,200,,,,,19,7.2,8.1,16.2,11.8,7.2,10.6,8.6,3.6,0,2.6,0.4,2.1,2.4
374,2013,5,2,35,34,1,E,2,W,7,W,9,CU,6,1200,AC,2,,,CU,7,1300,AC,1,,,ST,8,100,,,,,18.9,9,9.2,16.2,11,8.6,11.8,8,21,1,19.6,0.3,1.2,1.5
374,2013,5,3,39,36,1,E,1,W,4,E,2,CU,2,1400,AC,4,CI,2,CU,3,1400,AC,1,,,ST,8,300,,,,,19.2,7.7,8.2,18.6,11.9,8,12.8,10,1.6,1.4,1.6,0.3,1.5,1.7
374,2013,5,4,35,38,1,E,1,NW,4,E,2,SC,8,1000,,,,,CU,6,1400,AC,2,,,ST,8,100,,,,,18.2,7.3,9.58,17.4,9.9,9,12.2,8.9,11,0,8.5,0.2,1.3,1.5
374,2013,5,5,43,35,2,E,1,E,4,NW,7,CU,1,1400,AC,1,CI,3,CU,3,1300,AC,1,CI,1,CU,6,1200,AC,1,,,18.6,5.9,6.2,17.8,12,6.2,12.6,10,0.6,2.5,0,0.2,1.5,1.7
374,2013,5,6,15,32,1,W,2,W,4,W,4,SC,6,700,AC,2,,,CU,8,1200,,,,,SC,8,700,,,,,16.4,9.2,9.4,15.5,12,9,11.7,10.1,5.6,0.6,0,0.2,1.1,1.3
374,2013,5,7,10,30,1,E,2,W,7,E,2,SC,5,900,AS,2,CI,1,CU,7,1200,AC,1,,,SC,8,800,,,,,16.2,9.1,9.9,15.4,12,9.4,12.1,10.2,1.7,5.6,0.4,0.2,0.9,1.4
374,2013,5,8,6,28,2,E,2,W,7,E,4,ST,8,500,,,,,SC,8,1000,,,,,CU,1,1300,,,,,15.7,8.6,8.8,14.9,12.6,8.3,11.7,10.8,0.2,1.3,0.2,0.5,0.7,0.9
374,2013,5,9,28,35,1,E,1,W,4,W,7,CU,6,1200,AC,1,CI,1,CU,5,1400,AC,11,,,CU,4,1200,AC,1,,,20.4,5.4,6.8,16.2,12.1,6.8,12.4,9.7,0.1,0,0.1,0.2,1.5,1.7
374,2013,5,10,50,38,10,E,1,W,4,W,7,,,,AC,1,,,CU,2,1400,AC,1,,,CU,1,1300,,,,,20.2,6,6.5,17.8,12.8,6.5,12.7,9.2,0,0,0,0.2,2.1,2.3
374,2013,5,11,40,41,2,E,2,W,7,W,9,CU,1,1400,AC,1,CI,1,CU,3,1400,AC,1,CI,1,CU,2,1200,AC,2,,,20,6.1,6.9,18,12.4,6.9,12,9,0,0,0,0.2,2.2,2.5
374,2013,5,12,43,40,1,W,2,E,4,W,9,CU,1,1400,AC,1,,,CU,5,1300,AC,1,,,SC,6,700,AC,1,,,19.9,7.4,7.9,17.3,12.8,7.5,11.8,10.4,1.4,0,1.4,0.3,1.8,2.2
374,2013,5,13,35,38,6,E,2,E,4,E,7,CU,1,1200,,,,,CU,4,1400,AC,,,,CU,1,1300,,,,,19.6,6.1,7.4,18.7,13.6,7.4,12.5,9.8,0,0,0,0.4,2,2.3
374,2013,5,14,39,36,1,W,2,E,4,E,2,SC,8,1000,,,,,CU,8,1200,,1,,,ST,8,400,,,,,17.6,6.2,8.4,16.9,13.8,7.6,11.9,10.7,3.9,0,0,0.3,1.6,1.9
374,2013,5,15,30,34,2,E,2,W,7,E,2,SC,7,900,AC,1,,,CU,6,1300,AC,1,CI,1,SC,5,800,AC,2,,,18.7,10.2,10.5,17.4,12.8,9.6,12.9,10.5,0.1,3.9,0.1,0.3,1.3,1.7
374,2013,5,16,32,40,4,E,2,E,4,E,7,CU,5,1300,AC,2,CI,1,CU,7,1300,AC,1,,,CU,5,1300,AC,2,,,18.5,9.8,10.2,17.9,12.8,8.8,11.1,9.8,0,0,0,0.4,1.7,2.5
374,2013,5,17,39,38,8,E,4,E,7,E,4,CU,2,1400,AC,3,CI,2,CU,4,1400,AC,1,CI,1,CU,1,1300,,,,,19.5,9.4,10.1,18,13.9,7.9,11.6,10.2,0,0,0,0.8,2.2,2.7
374,2013,5,18,40,39,1,E,2,E,4,W,7,CU,8,1200,,,,,CU,5,1400,AC,1,,,SC,6,900,AC,2,,,18.9,6.1,7.3,18.1,11.9,6.7,11.7,10,2.2,0,0.2,0.5,1.6,1.9
374,2013,5,19,25,37,4,W,4,E,4,E,7,SC,8,900,,,,,CU,4,1300,AC,2,CI,1,CU,8,1200,,,,,18.8,9.5,9.9,18,13.1,9.2,12,10.4,0.4,2,0,0.3,1.3,1.8
374,2013,5,20,30,15,8,W,1,E,7,E,2,CU,6,1300,AC,2,,,ST,8,400,,,,,CU,1,1300,AC,1,CI,1,16.2,9.8,10,13.8,11.4,8.9,11.2,9.6,2.2,0.4,2.2,0.5,1.2,1.4
374,2013,5,21,45,38,5,E,1,W,4,W,4,,,,AC,1,CI,1,CU,5,1400,AC,1,CI,1,SC,8,700,,,,,18.5,6.7,7,18.2,11.8,6.8,12.2,9.2,0,0,0,0.2,1.6,1.9
374,2013,5,22,48,40,4,E,1,NW,7,W,7,,,,AC,1,,,CU,2,1400,AC,1,,,SC,7,800,AC,1,,,18.4,5.2,5.7,17.2,11.6,5.7,11.8,9.2,0.3,0,0.3,0.3,1.7,2.1
374,2013,5,23,39,37,6,E,1,E,4,W,9,CU,8,1200,,,,,CU,4,1400,AC,1,CI,2,CU,6,1200,AC,2,,,19.4,7.2,8.6,16.4,11.2,7.8,11.8,6.6,0,0,0,0.4,1.9,2.6
374,2013,5,24,36,39,10,E,1,NW,4,E,4,CU,6,1300,AC,1,CI,1,CU,4,1300,AC,1,CI,1,CU,5,1300,AC,2,,,20,7.1,7.8,18.4,14.5,7,12.2,10.5,0,0,0,0.7,1.8,2.5
374,2013,5,25,38,40,1,E,2,W,2,E,1,CU,4,1400,AC,4,,,CU,4,1400,AC,1,CI,1,ST,8,100,,,,,17.3,8.7,9.8,16.5,10.5,8.4,11.6,9.5,14,0,12.1,0.7,1.2,1.4
374,2013,5,26,37,36,1,E,4,NW,7,E,1,CU,4,1400,AC,2,CI,2,CU,6,1300,AC,1,,,ST,8,100,,,,,17.2,7.1,7.8,16.2,10.2,7.6,12.6,9.2,11.8,1.9,10.9,0.2,0.8,1
374,2013,5,27,40,38,10,W,1,W,4,W,2,CU,1,1400,AC,4,CC,1,CU,1,1400,AC,1,CI,1,CU,2,1300,AC,2,CI,1,18.6,4.9,5.8,16.3,12.6,5.8,12.4,9,0,0.9,0,0.2,1.5,1.7
374,2013,5,28,35,40,1,E,1,E,2,E,2,CU,6,1200,AC,2,,,CU,4,1400,AC,1,CI,1,SC,4,800,AC,2,,,20,6.2,6.6,18.8,11.5,6.6,12.3,9.6,3.5,0,3.5,0.2,1.6,2
374,2013,5,29,42,41,8,W,1,E,4,E,2,,,,AC,1,CI,5,CU,2,1400,AC,1,CI,5,CU,1,1200,,,,,19,7.7,7.9,18.2,11.5,7.1,11.4,8.5,0,0,0,0.4,2,2.3
374,2013,5,30,38,35,2,W,1,W,7,E,1,CU,3,1300,AC,3,CI,2,SC,7,1000,AC,1,,,,,,AC,1,CI,2,15.8,6.4,7.1,15.6,11.5,6.4,10.5,9.6,1.8,0,0,0.3,1.2,1.7
374,2013,5,31,20,37,1,W,1,W,2,E,2,ST,8,500,,,,,CU,5,1300,AC,1,CI,1,ST,8,100,,,,,15.9,7.8,7.9,15.2,9.7,7.3,9.6,9,0.7,1.8,0.7,0.5,1,1.2
374,2013,6,1,35,34,1,E,1,W,7,E,7,SC,7,1000,AC,1,,,CU,6,1200,AC,1,CI,1,ST,8,200,,,,,17.4,7.7,7.9,15.4,10.9,7,11,9.1,1.5,0,1.1,0.2,1.2,1.4
374,2013,6,2,28,36,10,E,4,E,4,E,7,SC,8,900,,,,,CU,4,1300,AC,1,,,CU,5,1200,AC,1,CI,1,18.5,8.2,9,15.8,12.1,8.2,11.4,8.9,0,0.4,0,0.2,1.7,2.5
374,2013,6,3,42,40,8,E,1,E,7,E,7,CU,1,1400,,,,,CU,1,1400,AC,1,,,,,,,,,,18.2,6.6,8.4,18.1,12.5,6,10.6,8.3,0,0,0,0.8,2.7,3.5
374,2013,6,4,40,39,6,E,1,W,4,E,4,CU,1,1300,AC,1,,,CU,3,1400,AC,2,,,,,,,,,,18.4,7.9,8.8,18.2,11.5,6,10.2,8.6,0,0,0,0.8,2.1,2.6
374,2013,6,5,43,37,4,E,1,W,2,E,4,CU,1,1400,,,,,CU,6,1200,AC,1,,,,,,AC,1,,,17.3,6.9,7.2,15,12.2,6,10.3,8.8,0,0,0,0.5,1.9,2.5
374,2013,6,6,40,38,1,E,4,E,7,E,7,CU,2,1300,AC,1,CI,2,CU,8,1300,,,,,CU,2,1200,,,,,17.4,6,7.7,16.2,12,6,10,8.8,0,0,0,0.6,2.2,2.9
374,2013,6,7,36,35,1,E,4,E,7,E,4,CU,3,1200,AC,2,CI,1,SC,8,1000,,,,,CU,1,1200,,,,,16.3,8.5,9.6,12.5,10.9,7.2,10.7,8.2,0.2,0,0.2,0.7,1.7,2.4
374,2013,6,8,38,39,1,E,4,E,7,E,9,CU,7,1200,AC,1,,,CU,5,1300,AC,1,,,SC,8,900,,,,,16.9,7.3,8.1,16.6,12.5,6.2,10.4,8.3,0,0,0,0.7,2.4,3.6
374,2013,6,9,35,40,10,E,7,E,7,E,4,CU,5,1200,AC,2,,,CU,4,1400,AC,1,,,,,,AC,1,,,17.7,9.2,9.6,16.4,11.6,6.8,10,8.3,0,0,0,1.2,2.2,2.6
374,2013,6,10,40,38,9,W,1,E,7,E,7,CU,7,1300,,,CI,1,CU,6,1300,AC,1,CI,1,,,,AC,1,,,17.8,5.4,6.6,16.7,11.6,5.8,9.7,8.2,0,0,0,0.4,1.9,2.4
374,2013,6,11,39,37,10,E,4,E,7,E,2,CU,3,1400,AC,2,,,CU,6,1300,AC,2,,,,,,,,,,18.5,4.5,7.8,17.5,12.2,6.2,10.3,8.6,0,0,0,0.5,2.2,2.8
374,2013,6,12,36,40,6,E,2,E,4,E,9,SC,8,1000,,,,,CU,7,1300,AC,1,,,SC,8,700,,,,,17.3,6.4,9.2,15.6,12.7,7,10.2,9.1,0,0,0,0.6,1.9,2.6
374,2013,6,13,38,38,8,E,4,SE,7,E,4,CU,8,1200,,,,,CU,7,1300,AC,1,,,,,,,,,,18.4,6.3,9.9,17,12.4,7.7,10.8,8.8,0,0,0,0.7,2,2.6
374,2013,6,14,39,40,4,E,4,E,4,SE,4,CU,4,1400,AC,2,CI,1,CU,2,1400,AC,1,,,SC,8,900,,,,,19.6,7.4,9.2,19,13.9,7.4,11.4,9.4,0,0,0,0.6,2.2,2.9
374,2013,6,15,50,41,3,E,1,W,4,E,4,,,,,,,,CU,2,1400,AC,1,,,CU,3,1400,AC,2,,,20.5,5,5.4,18.2,14.8,5.2,11.8,10,0,0,0,0.7,2.2,2.9
374,2013,6,16,45,36,8,E,2,E,7,E,4,CU,1,1400,,,,,CU,5,1400,AC,2,,,,,,,,,,18.8,6.7,8.2,17,12.2,7,9.9,8.4,0,0,0,0.7,2.2,2.8
374,2013,6,17,40,37,4,E,2,E,4,E,2,CU,1,1400,,,,,CU,6,1300,AC,1,,,CU,2,1400,AC,1,,,18.6,5.4,5.7,17.2,13.2,5.2,10.8,9.8,0,0,0,0.6,2,2.4
374,2013,6,18,38,39,5,E,1,NW,4,E,4,CU,1,1400,AC,2,CI,4,CU,4,1300,AC,1,CC,2,SC,6,1000,AC,2,,,20,5.7,5.9,19,14,5.6,11.8,9.7,1.7,0,0,0.4,2,2.6
374,2013,6,19,35,34,4,E,4,E,2,W,2,SC,6,1000,AC,2,,,ST,7,600,AC,1,,,ST,8,400,,,,,16.8,9.8,10.2,13.6,10.8,8.8,10.4,8.5,1.6,1.7,1.4,0.6,1.5,1.8
374,2013,6,20,30,37,8,E,4,SE,4,E,9,SC,8,900,,,,,CU,8,1200,,,,,CU,2,1400,AC,1,,,17.6,8.6,9.7,16.8,12.2,8.4,10.5,8.6,0,0.2,0,0.3,1.8,2.5
374,2013,6,21,40,39,10,E,2,E,4,SE,7,CU,3,1400,AC,2,CI,1,CU,5,1300,AC,2,CC,1,,,,AC,1,,,17.7,8.8,9.1,15.9,11.7,7.4,10.3,8.5,0,0,0,0.7,1.8,2.5
374,2013,6,22,38,40,8,E,4,E,7,E,4,SC,6,1000,AC,1,CI,1,CU,4,1400,AC,2,CI,1,CU,6,1200,AC,2,,,17.4,6.6,8.1,16.8,12.7,6.2,10.2,9,0,0,0,0.7,2.2,2.9
374,2013,6,23,40,42,10,E,2,SE,7,E,2,CU,1,1400,,,,,CU,5,1400,AC,2,,,CU,1,1300,,,,,17.8,7,7.8,16.6,11.4,5.6,9.4,7.5,0,0,0,0.7,2.5,3.1
374,2013,6,24,41,40,4,E,1,E,7,E,7,,,,AC,1,CI,1,CU,5,1400,AC,1,CI,1,CU,4,1300,AC,1,,,19.3,4.6,5.2,17.8,13,4.4,10.8,9.4,0,0,0,0.6,2,2.5
374,2013,6,25,43,39,8,E,1,W,4,E,1,,,,AC,1,CI,2,CU,4,1400,AC,1,,,,,,,,,,20,7.2,7.3,17.6,13.6,6.5,11.8,9.7,0,0,0,0.5,2.2,2.4
374,2013,6,26,35,40,6,E,2,W,7,W,2,CU,2,1300,AC,1,CI,4,CU,4,1300,AC,1,CI,1,CU,6,1200,AC,2,,,19.8,4.8,8.5,18.1,13.6,7.6,11.6,9.5,0,0,0,0.2,2.4,3
374,2013,6,27,38,38,2,E,2,E,4,E,2,SC,8,1000,,,,,CU,3,1400,AC,3,CI,1,SC,4,800,AS,2,,,20,9.2,9.6,18.6,9.5,8.6,11.2,7,3.8,0,3.8,0.6,1.9,2.5
374,2013,6,28,36,42,8,W,1,W,4,W,9,SC,8,900,,,,,CU,1,1500,,,,,CU,5,1200,AC,1,,,19.4,6.8,7.1,16.4,12.3,6.2,11,7.1,0,0,0,0.6,2.2,2.8
374,2013,6,29,45,40,2,E,1,NW,4,W,7,CU,1,1400,AC,2,CI,1,CU,2,1400,AC,1,CI,1,CU,1,1200,,,,,19.3,5.4,5.9,18.4,13.3,5.4,10.7,8.7,0,0,0,0.6,2.3,2.8
374,2013,6,30,34,37,1,E,2,E,7,E,7,SC,7,1000,AC,1,,,CU,8,1200,,,,,SC,6,800,AC,2,,,15.6,8.2,8.8,15.5,11.3,7.8,10.2,8.6,0,0,0,0.5,1.3,1.6
374,2013,7,1,45,40,8,E,1,E,4,W,9,,,,,,CI,2,CU,5,1400,AC,1,,,CU,6,1200,AC,1,,,18.2,4.3,4.6,17.2,13.3,4.4,11.4,9.3,0,0,0,0.3,1.7,2.3
374,2013,7,2,36,38,1,E,2,E,4,W,9.2,CU,2,1200,AC,2,CI,3,CU,4,1400,AC,1,CI,1,SC,1,900,,,,,19,6.9,7.9,18,10,6.9,10.6,7.1,1.3,0,1,0.6,2,2.6
374,2013,7,3,35,40,1,E,2,E,4,W,4,CU,7,1200,AC,1,,,CU,4,1400,AC,1,CI,1,ST,8,100,,,,,18.6,6.4,8,17.2,8.5,7,10.3,7.8,10.1,0.3,8.5,0.6,1.7,1.9
374,2013,7,4,38,38,1,W,2,E,2,E,2,CU,4,1300,AC,2,CI,1,CU,3,1300,AC,1,CI,2,ST,8,400,,,,,17.6,6.8,7.3,16.6,9.8,6.8,10.8,8.4,0.1,1.6,0.1,0.2,1.3,1.5
374,2013,7,5,35,39,2,E,2,E,4,E,7,CU,4,1300,AC,2,CI,1,CU,5,1400,AC,1,,,ST,8,300,,,,,18.1,6.3,7.8,17.4,12.4,7,11.2,9.4,0.5,0,0,0.2,1.7,2.3
374,2013,7,6,36,40,6,E,4,E,4,E,9,SC,6,100,AC,2,,,CU,3,1300,AC,1,,,SC,3,1000,AS,1,CI,2,16.8,8.3,9,15.4,11.1,6.8,9.8,7.7,0,0.5,0,0.6,2.1,3.1
374,2013,7,7,39,38,1,E,4,E,7,SE,7,CU,4,1400,AC,1,,,CU,4,1400,AC,2,,,ST,8,300,,,,,16.7,7,9.3,16.2,11.8,6.3,9.9,7.8,0,0,0,1,2.2,3
374,2013,7,8,37,40,1,E,4,E,7,E,7,SC,7,900,AS,1,,,CU,6,1300,AC,1,CI,1,ST,8,200,,,,,15.4,7.4,8.6,14.2,11.4,6.8,9,7.6,0,0,0,0.8,1.8,2.5
374,2013,7,9,45,42,2,E,4,E,4,E,2,,,,AC,1,CI,5,CU,2,1400,AC,3,CI,1,CU,2,1200,,,,,17.8,5.1,7.1,17.6,12,4.9,9.8,7.6,0,0,0,0.7,2.7,3.4
374,2013,7,10,50,45,8,E,1,W,4,E,2,,,,,,,,,,,AC,1,,,,,,,,,,19.1,3.2,3.6,16.8,12.6,2.8,9.6,7.6,0,0,0,0.7,2.3,3.2
374,2013,7,11,48,49,2,E,2,E,4,W,4,,,,,,CI,1,,,,AC,1,,,,,,,,,,18.9,5,5.8,18.4,12.1,3.8,8.1,7.6,0,0,0,0.9,3,3.6
374,2013,7,12,50,46,15,E,1,E,4,E,2,,,,,,,,,,,AC,1,,,,,,,,,,18.6,2.5,2.8,18.2,12.7,2,8.8,7.4,0,0,0,0.6,2.8,3.8
374,2013,7,13,45,42,10,E,2,E,4,E,4,,,,,,CI,4,CU,1,1400,AC,1,CI,1,CU,4,1300,AC,2,,,17.8,6.6,7,17.6,11.8,4.6,10.2,8.2,0,0,0,1,2.3,3
374,2013,7,14,43,40,20,E,2,W,4,E,9,CU,1,1400,,,,,CU,5,1400,AC,2,,,,,,,,,,18.2,7.6,7.8,17,11.8,6.2,9.6,7.8,0,0,0,0.7,2.3,3.3
374,2013,7,15,35,36,6,E,7,E,7,E,7,SC,8,1000,,,,,CU,5,1300,AC,1,,,CU,6,1200,AC,2,,,16.6,9.2,9.9,15.4,11.4,7.2,9.9,7.2,0,0,0,1,2.2,3.7
374,2013,7,16,50,50,15,E,7,E,7,E,4,,,,,,,,,,,,,,,,,,,,,,18,7.8,8,17.4,11.8,4.6,7.8,6.2,0,0,0,1.5,3.7,5.4
374,2013,7,17,43,40,18,E,7,E,9,E,4,CU,1,1400,,,,,CU,2,1400,AC,2,,,,,,AC,1,,,18.1,6.2,7.6,17,11.6,2.6,7.8,6.9,0,0,0,1.7,3.7,4.8
374,2013,7,18,40,39,20,E,2,E,7,E,4,CU,3,1300,AC,2,,,CU,6,1300,AC,2,,,,,,,,,,17.8,6.8,7,15.8,11.4,4.9,8.4,6.6,0,0,0,1.1,2.8,3.5
374,2013,7,19,45,41,5,E,2,E,7,E,4,,,,,,CI,2,CU,4,1400,AC,1,CI,1,,,,,,,,19.2,3.6,5.95,18.4,11.8,3.8,10.2,8.1,0,0,0,0.7,2.7,3.3
374,2013,7,20,50,40,8,E,2,E,4,W,7,,,,,,,,CU,4,1300,AC,1,CI,1,CU,6,1200,AC,1,,,19.3,4.5,8.6,19.2,14.2,4.2,11.1,9.6,0,0,0,0.6,2.3,2.7
374,2013,7,21,36,41,15,E,2,E,4,E,7,SC,8,900,,,,,CU,3,1400,AC,1,CI,1,,,,,,,,19.2,5.2,7.2,18.6,12.7,7.4,10.1,7.4,0,0,0,0.4,2.7,4.1
374,2013,7,22,46,50,12,E,4,E,7,E,7,,,,,,CI,2,,,,,,,,CU,1,1400,AC,2,,,19.4,7,7.7,18.4,13.5,4.3,8.8,7.8,0,0,0,1.4,3.1,4.4
374,2013,7,23,44,42,10,E,7,E,7,E,7,,,,AC,2,CI,3,CU,5,1400,AC,1,CI,1,CU,1,1300,,,,,18.5,6.6,6.7,17.7,12.4,4.9,9.2,7.8,0,0,0,1.3,2.9,4.1
374,2013,7,24,40,40,4,E,2,SE,7,E,7,CU,2,1300,AC,3,,,CU,7,1200,AC,1,,,SC,8,800,,,,,19,5.8,10,16.5,13.8,4.9,9.9,9.2,0,0,0,1.2,2.5,3.7
374,2013,7,25,38,39,10,SE,7,E,9,E,9,CU,7,1200,AC,1,,,CU,6,1300,AC,1,,,,,,,,,,17.8,9.7,10,16.2,11.3,7.5,9.5,6.5,0,0,0,1.2,2.7,4.2
374,2013,7,26,50,42,15,E,7,E,7,E,9,,,,,,,,CU,3,1500,AC,1,,,CU,1,1300,,,,,17.3,6,7.6,16.4,11.5,3.2,8.4,6.1,0,0,0,1.5,3.4,4.8
374,2013,7,27,50,45,10,E,4,SE,7,E,9,,,,,,,,,,,AC,1,,,,,,AC,1,,,19.5,6.5,7,18.8,13.2,3.8,9.3,7.4,0,0,0,1.4,3.4,4.5
374,2013,7,28,50,40,12,E,4,E,7,E,7,,,,,,,,CU,4,1400,AC,2,,,CU,1,1300,,,,,17.2,3.4,7.2,16.3,11.5,3.4,8.2,6.4,0,0,0,1.1,3.3,4.7
374,2013,7,29,50,50,8,E,7,SE,7,E,9,,,,,,,,,,,,,,,,,,,,,,19,5.4,5.8,18.6,11.8,3.5,8,6.2,0,0,0,1.4,3.9,5.2
374,2013,7,30,48,45,4,E,4,E,7,E,7,,,,,,CI,4,,,,,,CI,1,,,,,,,,19.4,2.9,6.4,18.6,12.5,2,8.6,7.2,0,0,0,1.3,3.6,4.3
374,2013,7,31,45,42,10,E,4,E,7,E,4,,,,,,CI,2,CU,1,1500,,,CI,1,CU,3,1300,AC,2,CI,1,20.2,3.9,,18.8,13.2,4,8.8,7.8,0,0,0,0.7,3.2,3.2
374,2013,8,1,38,40,2,E,2,W,4,E,2,SC,8,1000,,,,,CU,7,1200,AC,1,,,CU,6,1200,AC,2,,,18,6.7,8,16.3,12,6.2,9.8,8.8,0,0,0,0.8,2.1,2.5
374,2013,8,2,40,39,8,E,2,E,7,E,4,CU,5,1200,AC,2,,,CU,6,1300,AC,2,,,CU,3,1300,AC,3,CI,2,17.9,4.8,7.8,16.7,12.6,5.8,10,8.6,0,0,0,0.4,2.3,3.1
374,2013,8,3,38,40,6,E,4,E,4,E,4,CU,4,1200,AC,1,CI,1,CU,5,1400,AC,1,CI,2,CU,1,1200,,,CI,2,17.8,8.3,8.4,16.5,11,6.6,9.5,7.8,0.2,0,0.2,0.8,2,2.7
374,2013,8,4,50,42,10,E,2,E,7,E,7,,,,,,,,CU,1,1500,AC,1,,,CU,1,1300,,,,,20.1,7,7.1,19,13.4,5.3,10.2,8.2,0,0,0,0.7,2.9,3.8
374,2013,8,5,36,40,15,E,7,E,4,E,7,SC,7,1000,AC,1,,,CU,3,1400,AC,1,,,,,,,,,,18.4,7.5,9.6,17.8,12.7,6.7,9.3,7.6,0,0,0,0.9,2.7,3.6
374,2013,8,6,40,38,12,E,1,SE,7,E,7,CU,1,1400,AC,3,,,CU,7,1200,AC,1,,,,,,AC,1,CI,1,18.2,3.9,4.2,17.2,12.2,3.2,9.4,8,0,0,0,0.9,2.9,3.6
374,2013,8,7,39,40,6,E,2,E,4,W,7,CU,2,1400,AC,2,,,CU,4,1400,AC,2,,,,,,AC,1,,,20.8,4.1,7.6,18,12.6,5.7,9.8,7.6,0,0,0,0.7,2.9,3.5
374,2013,8,8,45,44,4,E,1,NW,4,W,4,,,,,,CI,2,CU,1,1400,AC,1,CI,1,CU,3,1200,AC,1,,,21,2.8,3.2,18.8,13.7,2.8,10.6,8.3,0,0,0,0.6,2.7,3.3
374,2013,8,9,48,42,4,E,1,NW,4,E,4,,,,,,CI,3,CU,2,1400,,,CI,1,,,,,,CI,2,21.4,3.4,3.8,20.2,10.4,3.2,11.6,8.1,0.2,0,0.2,0.6,2.3,2.9
374,2013,8,10,45,38,1,E,2,W,4,W,7,,,,AC,1,CI,4,CU,6,1300,AC,1,CI,1,ST,8,300,,,,,18.8,5.9,6.3,17.4,10.9,5.4,10.8,9,2,0,1.2,0.6,2.2,2.4
374,2013,8,11,15,36,1,E,2,W,4,W,7,ST,8,500,,,,,CU,5,1400,AC,2,,,SC,8,700,,,,,18.3,8.2,8.6,16.6,11.9,8,11.7,9.2,0.3,0.8,0.3,0.2,1.3,1.6
374,2013,8,12,40,38,6,E,2,E,7,E,9,CU,1,1400,,,CI,1,CU,1,1500,AC,1,,,ST,8,300,,,,,19.8,4,4.8,19,12.8,4.8,12,9.1,0.9,0,0,0.3,2.1,2.5
374,2013,8,13,38,39,8,E,2,E,4,E,4,CU,6,1300,AC,1,,,CU,4,1400,AC,1,,,CU,1,1400,AC,1,,,20.2,5.8,7.9,18.6,13.3,7.2,10.4,8.4,0,0.9,0,0.4,2.9,4
374,2013,8,14,38,40,15,E,4,E,4,E,4,CU,5,1200,AC,2,,,CU,5,1300,AC,1,,,CU,1,1300,AC,1,,,18.9,7.5,9.2,18.3,13.2,6.1,10.4,9.2,0,0,0,1.1,2.8,3.8
374,2013,8,15,36,38,8,E,4,E,7,E,9,SC,5,1000,AC,1,CI,2,SC,8,1000,,,,,,,,AS,5,CI,3,17.4,8.8,9.4,16,12.3,7.2,9.8,8.9,0,0,0,1,2,2.5
374,2013,8,16,42,40,5,E,4,W,4,W,7,CU,2,1400,AC,3,CI,2,CU,4,1400,AC,2,,,SC,7,900,AC,1,,,21.2,5,7.2,19.2,14.4,6.4,12.2,9.6,0,0,0,0.5,2.4,3.4
374,2013,8,17,35,43,15,W,2,E,4,E,9,SC,8,1100,,,,,CU,4,1400,AC,1,CI,1,,,,,,CI,1,19.2,8.2,8.9,18,12.4,7.1,9.2,7.4,0,0,0,1,3,3.8
374,2013,8,18,40,38,10,E,1,W,7,W,7,CU,2,1300,AC,1,CI,2,CU,3,1500,AC,1,,,SC,5,1000,AC,1,,,20,3,4.4,17.8,13,3.7,10.2,8,0,0,0,0.8,3,3.4
374,2013,8,19,50,40,8,E,1,W,4,W,7,,,,,,,,CU,4,1400,AC,1,,,SC,8,900,,,,,20.8,2.4,2.8,18.6,14,2.6,10.4,7.7,0,0,0,0.4,2.9,3.6
374,2013,8,20,50,42,15,W,1,NW,4,E,4,,,,,,,,CU,5,1400,AC,1,,,,,,AC,1,,,20.2,4,4.4,18.8,13.2,3.8,11,8.5,0,0,0,0.7,2.4,3.2
374,2013,8,21,40,38,10,E,4,E,7,E,7,CU,2,1300,AC,2,,,CU,8,1300,,,,,,,,AC,1,CI,1,17.2,6.7,7.9,17,11.6,5.6,10.1,7.9,0,0,0,0.8,2.2,2.6
374,2013,8,22,39,39,2,E,2,W,4,W,4,CU,2,1400,AC,2,CC,1,CU,3,1400,AC,1,,,SC,6,700,AC,1,,,20.5,3.9,4.2,19.7,11.3,3.6,11.8,9.4,2.9,0,2.9,0.4,2.1,2.3
374,2013,8,23,36,40,4,E,1,W,2,W,7,CU,2,1300,AC,2,CI,1,CU,5,1300,AC,2,,,CU,3,1200,AC,2,,,19,4.6,5.2,18.1,10.6,5.1,10.8,6.6,0,0,0,0.2,1.8,2.6
374,2013,8,24,40,38,1,W,2,NW,4,E,2,SC,5,1000,AC,2,CI,1,CU,6,1300,AC,2,,,ST,8,100,,,,,19.9,6.4,7.7,19.1,10.4,5.8,11.3,7.6,3.7,0,1.5,0.8,2.3,2.5
374,2013,8,25,34,37,1,E,2,W,4,E,7,SC,8,800,,,,,CU,5,1400,AC,2,,,ST,8,200,,,,,19,7.1,8.9,17.2,11.7,7.9,11.5,9.5,6.8,2.2,0,0.2,1.7,1.9
374,2013,8,26,35,28,1,E,2,E,4,E,7,SC,8,900,,,,,SC,7,700,AC,1,,,ST,8,100,,,,,17.1,8.1,8.7,14.7,11.7,7.5,11.3,10,5.9,6.8,0.4,0.2,1,1.4
374,2013,8,27,40,37,2,E,2,W,4,E,7,CU,2,1400,AC,2,,,SC,6,1000,AC,2,,,ST,7,500,AS,1,,,16.8,7.5,7.8,16.2,12.1,6.8,11.2,9.5,0,5.5,0,0.4,1.4,2.1
374,2013,8,28,38,40,8,E,4,E,7,SE,7,CU,2,1400,AC,2,CS,4,CU,2,1400,AC,1,CI,4,SC,2,1000,AC,1,,,17.7,8.6,9.1,16.2,10.8,7.1,9.9,7.1,0,0,0,0.7,2.2,3.4
374,2013,8,29,40,42,15,E,7,E,7,E,9,CU,1,1300,AC,1,,,CU,4,1400,AC,2,,,CU,1,1300,AC,1,,,17.4,7.4,7.8,15.9,11.1,4.4,8.5,6.9,0,0,0,1.2,2.9,3.7
374,2013,8,30,50,45,10,E,4,E,4,E,7,,,,,,,,,,,AC,1,,,,,,AC,1,,,19.6,4.6,6,19,12.7,4.5,9.2,6.7,0,0,0,0.8,3.1,4.3
374,2013,8,31,50,43,8,E,2,SE,4,SE,7,,,,,,,,CU,1,1500,,,,,SC,2,900,AC,1,,,20,4.7,5.4,18.6,13.6,3.2,9.6,8.2,0,0,0,1.2,3,3
374,2013,9,1,50,4,1,E,2,W,7,W,4,,,,,,,,CU,1,1500,,,,,ST,8,200,,,,,21,3.7,7,18.8,13,5.2,10.8,8.2,0,0,0,-999,3.1,3.8
374,2013,9,2,35,40,3,E,2,W,4,W,7,SC,8,1000,,,,,CU,5,1400,AC,1,,,SC,6,900,AC,2,,,19.9,4.3,5.6,19.2,13.8,5.2,10.8,8.8,0,0,0,0.7,2.7,3.5
374,2013,9,3,38,43,2,E,2,E,4,E,7,CU,1,1300,AC,1,CS,3,CU,1,1500,AC,1,CI,1,,,,AC,1,,,20.9,5,7,19.4,13.5,6.1,9.6,6.5,0,0,0,0.8,3.4,4.3
374,2013,9,4,50,45,10,E,4,SE,7,W,2,,,,,,,,CU,1,1500,,,CI,6,CU,2,1400,AC,2,CI,1,18.8,2.4,7.7,17.7,13.6,3.7,8.8,7.8,0,0,0,0.9,3.3,4.2
374,2013,9,5,42,44,6,E,4,E,4,E,4,CU,1,1400,AS,2,CI,5,,,,AS,2,CI,4,CU,2,1300,,,CI,4,20.6,4.1,6.6,19.6,14.2,4.2,9.4,8.9,0,0,0,0.9,3.3,3.7
374,2013,9,6,50,40,10,E,2,E,4,E,4,,,,,,,,CU,2,1400,AC,3,,,,,,,,,,20.8,3.8,5.2,19.8,13.8,5,10.7,8.6,0,0,0,0.4,2.7,3.4
374,2013,9,7,50,45,8,E,1,E,4,E,4,,,,,,,,CU,1,1500,AC,2,,,,,,,,,,20,4,7.8,19.2,14,5,9.7,8.2,0,0,0,0.7,3.6,4.5
374,2013,9,8,50,43,10,SE,4,E,9,E,7,,,,,,,,CU,3,1400,AC,1,,,,,,,,,,19.2,3.7,9.4,18.2,13.6,5.2,8.5,7,0,0,0,0.9,3.8,5.3
374,2013,9,9,50,40,6,E,4,E,9,E,9,,,,,,,,CU,7,1300,AC,1,,,,,,,,,,17.6,7.2,9,17,11.6,4.3,8.5,6.7,0,0,0,1.5,3.7,4.6
374,2013,9,10,38,42,5,E,4,E,7,E,9,CU,4,1300,AC,2,CI,1,CU,2,1400,AC,2,,,,,,AC,1,,,18.3,4.9,8.1,17.6,12.3,5.1,9.2,7.4,0,0,0,0.9,3.2,4.1
374,2013,9,11,40,39,4,E,2,E,7,W,4,CU,1,1400,AC,2,,,CU,3,1400,AC,2,,,CU,4,1300,AC,2,,,19.6,6.6,8,19,13.5,6.1,9.8,8.2,0,0,0,0.9,3,3.7
374,2013,9,12,43,40,2,E,2,W,4,W,9,,,,,,CS,2,CU,4,1400,AC,2,,,SC,8,700,,,,,20.5,5.4,6.7,17.9,13.6,5.6,10.5,8.8,0,0,0,0.7,2.7,3.4
374,2013,9,13,45,42,4,W,2,W,4,W,9,,,,,,CS,2,CU,4,1300,AC,1,,,ST,8,500,,,,,20.6,6.9,8.4,19.8,10.6,6.8,10.8,8.6,2.8,0,2.8,0.7,2.1,2.4
374,2013,9,14,39,40,3,E,2,E,4,E,4,CU,1,1300,AC,1,CI,1,CU,2,1500,AC,2,CI,2,SC,7,800,AC,1,,,21.2,6.5,7.6,20.2,11.8,7.2,12,9.6,4.8,0,4.8,0.3,2.2,2.7
374,2013,9,15,40,38,8,E,2,EE,4,E,2,,,,AC,2,CI,2,CU,5,1300,AC,2,,,CU,7,1200,AC,1,,,19.1,8.4,10.4,18.4,13.8,8,10.6,9.6,0.9,0,0,0.5,2.5,3.3
374,2013,9,16,38,37,6,E,4,E,7,E,7,CU,5,1300,AC,2,,,CU,6,1300,AC,1,,,ST,8,500,,,,,19,9.8,10.5,17,12.8,8.7,10.6,9.5,0.1,0.9,0,0.8,2.4,2.8
374,2013,9,17,48,39,9,E,1,E,4,SE,9,,,,AC,1,CI,1,CU,5,1400,AC,2,,,SC,4,900,AC,2,,,20.3,4.8,6.3,18.8,14.8,6.1,9.8,8.2,0,0.1,0,0.4,3.3,4.8
374,2013,9,18,44,40,8,E,4,E,4,W,7,CU,1,1500,AC,2,,,CU,4,1400,AC,1,,,SC,8,1000,,,,,21.1,9.8,10.9,18.9,15,7.2,10.2,9,0,0,0,1.5,3.4,4.8
374,2013,9,19,40,38,10,E,7,E,7,E,9,SC,7,1000,AS,1,,,SC,8,900,,,,,SC,5,900,AC,2,,,16.5,10,10.3,14.7,10.8,8,9.6,6.8,0.6,0,0.6,1.4,1.8,2.6
374,2013,9,20,50,43,8,E,2,E,7,E,4,,,,,,,,CU,2,1500,AC,1,,,,,,,,,,19.7,5.2,7.9,18.8,13.6,5.8,9.5,6.4,0,0,0,0.8,3.6,5
374,2013,9,21,50,45,10,W,2,E,7,E,7,,,,,,,,,,,AC,1,,,,,,,,,,21.2,3.4,7.2,20.4,14.4,4.3,9.6,7.6,0,0,0,1.4,3.7,5.4
374,2013,9,22,50,48,8,SE,4,W,4,E,4,,,,,,,,,,,,,CI,1,,,,,,,,21.8,7.8,10,19.9,15,5.4,9.6,8,0,0,0,1.7,4,5.6
374,2013,9,23,50,40,2,E,7,E,7,E,7,,,,,,,,CU,3,1400,AC,1,CI,1,SC,8,900,,,,,20.5,8.7,10.6,19.2,14.7,6,9.4,9,0,0,0,1.6,3.7,5.1
374,2013,9,24,34,39,1,E,7,SE,4,E,7,SC,7,1000,AC,1,,,CU,5,1400,AC,1,CI,1,CU,1,1400,,,,,19.6,9.8,10.5,18,13.7,7.5,10.4,8.5,0,0,0,1.4,2.9,4.1
374,2013,9,25,40,41,1,E,4,E,7,SE,4,CU,3,1300,AC,2,CI,2,CU,4,1400,AC,2,CI,1,SC,1,1200,,,,,20.7,8.9,10,20,13.9,7.5,11.2,9,0,0,0,1.2,3,4
374,2013,9,26,38,40,1,E,4,E,4,E,4,CU,6,1300,AC,1,,,CU,3,1400,AC,1,,,,,,,,,,20.8,8.5,9.3,20,14.2,6.8,10.8,9,0,0,0,1,3.3,4.1
374,2013,9,27,50,42,2,E,2,W,7,W,9,,,,,,,,CU,2,1500,AC,1,,,CU,1,1400,AC,1,,,21.8,4.2,6.8,19.7,14.2,5.2,10.7,8.1,0,0,0,0.8,3.2,3.9
374,2013,9,28,39,44,3,W,4,E,4,E,4,SC,6,1100,AC,2,,,CU,5,1400,AC,1,,,CU,1,1400,,,,,20.4,6,8.8,19.6,14.3,6.6,10,7.7,0,0,0,0.7,2.9,4
374,2013,9,29,45,46,1,E,2,W,4,W,9,,,,,,CI,6,CU,2,1400,AS,1,CI,5,SC,8,900,,,,,21.8,4,6.5,19.8,13,5.1,10,7.8,0,0,0,1.1,3.4,4.2
374,2013,9,30,36,38,1,E,2,W,4,E,2,CU,6,1300,AC,1,CI,1,CU,6,1300,AC,1,,,ST,8,200,,,,,19.6,8.2,9.6,17.5,11.9,6.9,10.5,7.8,0,0,0,0.8,2.3,2.8
374,2013,10,1,35,38,1,W,2,W,4,E,4,SC,6,1000,AC,2,,,CU,6,1300,AC,2,,,ST,8,100,,,,,20.7,5.1,7.9,19.4,13,6.2,11.6,10.2,1.3,0,0,0.5,2.4,3.1
374,2013,10,2,38,40,4,W,2,E,7,W,7,SC,8,1000,,,,,CU,5,1400,AC,1,CI,1,SC,7,700,AC,1,,,20.6,9.1,9.4,19.1,11.8,8,11.9,9.7,7.3,1.3,7.3,0.7,1.7,1.9
374,2013,10,3,30,40,1,E,4,E,4,W,2,CU,3,1300,AC,1,CI,3,CU,6,1300,AC,1,CI,1,ST,8,200,,,,,20.2,6.8,8.8,20,12.4,7.8,12.6,10,2.6,0,2.2,0.2,1.8,2.2
374,2013,10,4,34,38,2,E,2,E,4,E,7,CU,2,1400,AC,3,CI,2,CU,7,1300,AC,1,,,SC,6,800,,,,,18,9.9,11.5,16.3,13.1,9.6,11,9.6,0.8,0.4,0.2,0.4,1.8,2.5
374,2013,10,5,36,37,1,E,4,E,4,W,7,CU,3,1300,AC,2,CI,1,CU,5,1300,AC,2,,,SC,8,700,,,,,16.6,9.6,10.4,15,13.2,8.8,10.4,9.6,4.1,0.6,0.4,0.7,1.5,2
374,2013,10,6,28,35,4,SE,4,SE,7,E,7,ST,8,500,,,,,CU,6,1300,AC,2,,,CU,1,1300,,,CI,2,17.7,8.4,8.6,17.3,2.6,7,10.8,9,0.4,3.7,0.4,0.5,1.8,2.5
374,2013,10,7,45,42,8,E,2,E,4,E,4,,,,AC,1,,,CU,3,1400,AC,1,,,CU,1,1200,,,,,21.6,7.4,9.8,20,12.8,7.6,11.5,8.8,0.3,0,0.3,0.7,2.2,2.9
374,2013,10,8,36,38,6,E,4,E,7,E,4,CU,2,1300,AC,2,,,CU,6,1300,AC,2,,,,,,AC,1,CI,1,19.2,6.6,9.5,17.8,13.6,7.4,10.9,8.6,0,0,0,0.7,2.4,3.5
374,2013,10,9,43,40,4,SE,2,E,4,W,4,CU,1,1400,,,,,CU,7,1300,AC,1,,,CU,3,1200,AC,1,,,20.4,6.1,8.2,18.8,14,6.7,10,8.6,0,0,0,1.1,3,4
374,2013,10,10,38,39,8,E,4,E,7,W,4,SC,7,800,AC,1,,,CU,4,1400,AC,2,,,CU,5,1300,AC,1,,,20.8,9.2,10.6,20.4,13.3,8.6,11.6,8.8,0,0,0,1,2.5,3.2
374,2013,10,11,37,41,6,E,4,SE,7,W,7,CU,4,1300,AC,2,CI,1,CU,6,1300,AC,1,CI,1,SC,8,900,,,,,18.6,9.1,9.8,17.7,13.5,8.4,11,8.2,0,0,0,0.7,2,2.6
374,2013,10,12,44,38,8,E,1,E,7,W,7,,,,AC,1,CI,2,CU,4,1400,AC,1,CI,3,SC,7,800,AC,1,,,20.6,6.6,8.4,20.5,12.2,7.9,11.8,9,2.5,0,0,0.6,2.2,2.5
374,2013,10,13,37,35,1,W,4,E,4,W,4,SC,8,800,,,,,SC,8,1100,,,,,ST,8,100,,,,,17.3,9.6,10.2,15.8,10.7,8.7,10.2,9.3,8.4,2.5,4.4,0.3,1,1.2
374,2013,10,14,15,32,2,W,2,E,7,W,2,ST,8,500,,,,,SC,8,1000,,,,,ST,8,200,,,,,18,9.3,9.8,15.9,10.9,9,11.2,10,15.5,4,1.6,0.2,1.2,1.4
374,2013,10,15,38,36,4,W,2,W,4,E,2,SC,5,1000,AS,3,,,SC,7,1100,AC,1,,,ST,8,300,,,,,15.7,7.7,8.5,13.1,9,7.7,10.7,8.2,4.4,13.9,2.9,0.2,0.6,0.7
374,2013,10,16,10,37,1,E,2,E,4,E,4,ST,8,500,,,,,CU,5,1300,,,CI,,ST,8,100,,,,,19,8.4,8.7,18.4,9.4,8.1,13,8.8,23,1.5,8.6,0.1,1.1,1.2
374,2013,10,17,20,35,8,W,2,W,4,E,2,SC,7,700,AC,1,,,SC,8,1000,,,,,SC,7,700,AC,1,,,17.7,7.4,8.1,14.6,11.2,7.7,11.8,10.2,3,14.4,2.7,0.1,1,1.2
374,2013,10,18,15,38,6,E,4,E,7,W,7,SC,7,1000,AC,1,,,CU,4,1400,AC,1,,,SC,6,1000,AC,2,,,20.7,8.1,9.7,19.4,13.4,9.3,12.6,10,0,0.3,0,0.2,1.9,2.4
374,2013,10,19,30,40,5,E,2,SE,4,W,9,CU,3,1300,AC,1,,,CU,4,1400,AC,1,,,SC,5,1100,AC,3,,,20.9,8.9,11.6,20.4,13.2,9.6,12.1,9.9,0,0,0,0.5,2.7,3.2
374,2013,10,20,38,42,2,E,2,E,7,W,9,CU,4,1400,AC,2,,,CU,5,1400,AC,2,,,SC,3,900,AC,2,,,19.9,9.4,11,17.8,8.9,9.2,12,7.6,3.5,0,3.5,0.5,1.7,1.8
374,2013,10,21,50,39,1,W,1,E,4,W,9,,,,,,,,CU,7,1300,AC,1,,,ST,8,200,,,,,19,4.5,7,18.4,11.5,7,11.7,8.7,5.4,0,0.5,0.1,1.7,1.9
374,2013,10,22,37,35,2,E,2,E,4,E,2,CU,4,1200,AC,2,CI,1,SC,7,900,AC,1,,,CU,1,1200,AC,2,,,16.1,7,9.8,13.9,11.1,8.6,10.6,9.2,1.5,4.9,1.5,0.2,1.1,1.3
374,2013,10,23,35,40,1,W,1,E,4,E,4,SC,7,1000,AC,1,,,CU,4,1400,AC,1,,,,,,AS,2,,,20.5,7.2,9.2,18.2,10.3,8.4,11.2,8.4,0,0,0,0.2,1.5,1.7
374,2013,10,24,25,38,1,E,4,SE,4,E,4,SC,8,900,,,,,CU,6,1200,AC,1,CI,1,ST,8,200,,,,,17.6,4.7,8.2,17.5,10,7.6,12,9,7.2,0,5.7,0.2,1.3,1.5
374,2013,10,25,43,40,1,E,2,E,2,W,2,CU,1,1400,AS,2,CI,3,CU,4,1300,AC,2,,,ST,8,300,,,,,18.8,7,7.4,16.2,11.2,7.3,11.8,10,3.3,1.5,1.2,0.2,1.2,1.4
374,2013,10,26,32,32,1,E,2,E,4,W,4,SC,8,1000,,,,,SC,8,800,,,,,SC,6,900,AC,1,,,16.7,8.9,9.6,15.7,11.1,8.8,11.3,10,6,2.1,2.3,0.2,1,1.2
374,2013,10,27,20,36,1,E,2,E,4,W,4,SC,8,900,,,,,CU,4,1400,AC,1,,,ST,8,200,,,,,18.8,9.6,10.2,18,11.8,9.6,12.8,10.6,13.2,3.7,0.4,0.2,1.3,1.5
374,2013,10,28,15,30,1,E,2,W,4,E,1,SC,8,1000,,,,,ST,8,500,,,,,ST,8,100,,,,,16.7,8.9,9.4,14.2,11,8.8,11.8,10.2,3.4,12.8,2.7,0.2,0.8,0.9
374,2013,10,29,39,38,1,E,2,E,4,E,2,CU,3,1300,AC,2,CI,3,CU,4,1400,AC,1,CI,1,ST,8,50,,,,,19.3,7.6,9.6,18.4,10.3,8.9,12.6,9.5,19.3,0.7,19.2,0.1,1,1.2
374,2013,10,30,18,40,1,W,4,W,4,W,2,SC,7,900,AC,1,,,CU,4,1400,AC,1,,,ST,8,100,,,,,20.1,8.9,9.5,18.8,10.8,8.9,13.4,9.6,1.8,0.1,1,0.2,1.3,1.5
374,2013,10,31,5,39,1,W,4,W,4,E,4,ST,8,200,,,,,CU,6,1300,AC,2,,,CU,2,1300,AC,2,,,16.6,8.7,9,15.6,10.3,8.6,11.6,8.3,0,0.8,0,0.2,1.2,1.4
374,2013,11,1,40,38,2,E,2,W,4,W,9,CU,1,1400,,,CI,5,CU,2,1400,AC,2,CI,4,CU,6,1200,AC,2,,,17.8,2.9,6,17.1,9.6,5.3,10.5,7.6,0,0,0,0.2,2.4,2.9
374,2013,11,2,30,36,1,E,4,W,4,W,7,ST,8,500,,,,,CU,8,1300,,,,,ST,8,200,,,,,15.8,7.6,7.8,15.1,8.9,6.6,10.4,7.7,0.1,0,0.1,0.5,1,1.3
374,2013,11,3,32,39,1,W,2,W,7,W,9,SC,8,1000,,,,,CU,6,1300,AC,2,,,ST,8,100,,,,,17.4,7.7,8.6,17.2,10.6,7.5,10.4,8,0.1,0,0,0.3,1.9,3.1
374,2013,11,4,40,40,1,W,2,W,4,W,7,CU,2,1400,AS,4,CI,2,CU,4,1400,AC,2,CI,2,SC,8,700,,,,,18.9,7.3,8.2,18.5,12.4,5,7.6,6.6,0,0.1,0,1.2,3.3,4
374,2013,11,5,42,43,10,W,1,E,4,W,9,CU,2,1300,AC,2,CI,4,CU,1,1400,AS,1,CI,6,,,,,,CI,2,20.4,3.9,6.3,19,12.3,4.6,9.2,6,0,0,0,0.7,3.4,4.3
374,2013,11,6,40,45,2,E,2,W,7,E,2,SC,5,1000,AS,3,,,,,,AS,8,,,ST,8,500,,,,,16.2,7.6,8.7,14.5,13.2,5,7.3,8.6,0,0,0,0.9,1.9,2.6
374,2013,11,7,36,39,1,E,4,E,4,E,4,CU,7,1200,AC,1,,,CU,5,1400,AC,2,,,SC,8,800,,,,,20.6,7.1,10.1,19,12.2,8.9,11.2,7.6,0,0,0,0.7,2.3,3
374,2013,11,8,50,45,10,W,2,SE,4,W,9,,,,,,,,CU,4,1400,AC,1,CI,1,,,,,,,,21.4,4.3,7.4,19.6,12.1,6,9,6.9,0,0,0,0.7,3.4,3.9
374,2013,11,9,44,40,4,E,1,E,4,NW,9,,,,AC,1,CI,2,CU,3,1300,AC,1,CI,1,SC,8,700,,,,,19.5,4.1,7.9,18,11.4,6.3,10,7.6,1.2,0,0.2,0.5,2.4,3
374,2013,11,10,35,38,6,W,1,W,4,E,4,CU,1,1300,AC,1,,,CU,4,1400,AC,1,,,,,,AC,2,CI,1,20.4,6.3,8.2,20,11.4,6.8,12.2,9.9,10.5,1,10.5,0.6,1.7,2
374,2013,11,11,30,39,8,E,7,W,4,E,2,SC,7,900,AC,1,,,CU,5,1300,AC,1,,,CU,1,1200,,,CI,2,20.7,7.9,10.6,20.4,11,8.9,13.4,9.4,4.6,0,4.6,0.3,1.6,1.8
374,2013,11,12,45,40,4,E,2,SE,4,E,2,CU,1,1400,AC,2,CI,2,CU,4,1400,AC,1,,,CU,2,1300,AC,2,CI,1,20.8,5.8,8.4,18,11.4,8.4,12.7,10.2,9,0,9,0.2,1.4,1.6
374,2013,11,13,28,30,6,E,4,W,4,E,4,SC,8,700,,,,,SC,8,700,,,,,ST,8,400,,,,,15,8.2,10.2,12.9,10.4,9,10.6,9.2,1.6,0,1.6,0.2,0.9,1
374,2013,11,14,35,38,2,W,2,E,4,E,2,SC,8,1000,,,,,SC,6,1100,AC,1,,,SC,5,800,AC,1,,,19.6,6,8,18.9,11.4,7.8,12,10.2,4.1,0,4.1,0.1,1.9,2.1
374,2013,11,15,43,40,10,E,1,W,4,E,4,CU,1,1400,,,,,CU,4,1400,AC,1,,,,,,,,CI,2,21.2,6.2,9.8,18.6,14.2,9.2,12.6,10,0,0,0,0.2,1.8,2.2
374,2013,11,16,35,40,8,E,2,E,4,W,4,SC,8,900,,,,,CU,6,1300,AC,2,,,CU,6,1200,AC,2,,,21.8,9,11.2,20.6,14.6,10,13.2,10.4,0,0,0,0.4,2.5,3.2
374,2013,11,17,38,30,1,E,4,E,2,W,7,CU,1,1300,AC,2,CI,5,ST,8,500,,,,,ST,8,300,,,,,18.7,9.7,11.6,14.4,12.3,9.8,11.6,8.8,4.4,0,4.4,0.7,1.3,1.8
374,2013,11,18,44,42,8,W,2,W,7,W,9,,,,AC,1,CI,2,CU,3,1400,AC,1,CI,2,CU,1,1400,AC,1,CI,2,20.4,6.4,10.4,18.6,12.6,7.8,10.6,7.8,0,0,0,0.5,3.1,3.5
374,2013,11,19,48,43,10,E,2,W,4,W,9,,,,,,CI,2,CU,2,1400,AC,1,CI,1,CU,1,1400,,,,,18.7,2.5,5.2,18.7,11.1,4.9,10.6,7.2,0,0,0,0.4,2.5,2.8
374,2013,11,20,42,40,1,W,2,W,4,W,7,,,,AS,4,CI,3,CU,6,1300,AS,2,,,ST,8,400,,,,,15.9,3.1,5,15,9.8,4,8.6,8.5,0.8,0,0.8,0.3,1.5,1.7
374,2013,11,21,40,39,2,NW,4,W,7,W,9,SC,8,1000,,,,,CU,5,1300,AC,2,CI,1,SC,8,700,,,,,18.8,5.6,8.2,18.1,11.6,6.7,11,8.3,0,0,0,0.2,2,2.7
374,2013,11,22,41,42,10,E,2,W,4,W,9,CU,4,1300,AC,3,CI,1,CU,1,1400,AS,3,CI,4,CU,1,1400,AC,2,CI,2,19.3,8.1,9.2,17.4,12,6.6,9.6,7.8,0,0,0,0.7,2.6,3.2
374,2013,11,23,44,45,4,E,1,W,4,E,2,CU,1,1400,AC,3,CI,3,CU,2,1400,AC,2,CI,3,SC,6,1000,AS,2,,,21,6.6,7.6,19.8,12.6,6.3,11.4,9.2,0.1,0,0.1,0.6,2.2,2.7
374,2013,11,24,48,43,4,W,1,NW,4,W,7,,,,AC,1,,,CU,4,1400,AC,1,,,SC,7,1000,AC,1,,,19.3,4.9,8.1,18.5,12,6.9,11.6,8,2.9,0,2.9,0.5,1.8,2.1
374,2013,11,25,42,40,5,E,2,E,7,E,7,SC,6,900,AC,2,,,CU,7,1200,AC,1,,,ST,8,300,,,,,18.6,4,6.2,16.2,10.8,6,8.5,8.7,1.1,0,1.1,0.3,2,2.3
374,2013,11,26,47,42,10,E,1,W,4,W,7,,,,,,CI,6,CU,2,1400,AC,1,CI,5,CU,3,1200,AC,2,,,20.5,2.4,4.6,19.4,12.2,4,10.2,6.5,0,0,0,0.3,3.2,4.1
374,2013,11,27,48,45,8,E,1,W,4,W,9,,,,,,CI,8,CU,1,1500,AC,1,CI,1,SC,8,900,,,,,21.3,3.5,6.7,19.8,12.9,4.5,9.4,5.9,0,0,0,0.9,3.8,4.5
374,2013,11,28,45,44,6,E,1,NW,4,W,7,CU,1,1400,AC,2,CS,2,CU,3,1400,AC,1,CI,1,SC,8,700,,,,,23.2,2.7,6.2,20.8,12.7,3.8,10,9,0,0,0,0.7,3.3,4
374,2013,11,29,43,46,10,W,2,E,4,W,9,CU,2,1400,AC,2,,,CU,2,1500,AC,1,,,SC,8,1000,,,,,20.8,5.8,8.9,19.2,12.5,5.8,11,6.7,0,0,0,0.7,2.8,3.7
374,2013,11,30,46,38,2,E,1,E,4,W,9,CU,1,1500,AC,3,CI,1,CU,6,1200,,,,,ST,8,400,,,,,20.7,7.2,8.4,16.2,13.3,7.1,10.9,8.8,0,0,0,0.9,2.6,2.9
374,2013,12,1,25,40,2,W,4,W,4,W,4,SC,8,900,,,,,CU,7,1200,AC,1,,,SC,8,800,,,,,19.1,7.8,8.8,16.8,12.5,8,12.1,9.6,7.8,0,0,0.3,1.4,1.9
374,2013,12,2,38,39,2,E,4,W,7,E,7,SC,6,1100,AC,2,,,CU,5,1200,AC,1,CI,1,ST,8,300,,,,,19.5,7.7,8.8,17.8,11.2,8,12,10.1,3.5,7.8,1.8,0.5,1.2,1.4
374,2013,12,3,30,35,1,E,2,W,4,W,2,CU,5,1200,AC,3,,,CU,4,1300,AC,1,CI,2,ST,8,100,,,,,17.4,8.8,10.7,17.3,9.4,9.6,12.1,9,19.3,1.7,10.5,0.2,0.8,0.9
374,2013,12,4,25,37,1,E,4,E,4,W,2,SC,7,1000,AC,1,,,CU,6,1200,AC,2,,,ST,8,100,,,,,18.5,6.9,8.2,17.8,9.4,7.9,11.5,8.8,24.8,8.8,16.6,0.1,1.1,1.3
374,2013,12,5,44,38,8,E,2,NW,4,E,2,CU,3,1400,AC,2,CI,3,CU,7,1200,AC,1,,,ST,8,300,,,,,17.3,7.4,8.6,16.4,10.9,8.1,11.2,10.1,11.4,8.2,11.2,0.2,1.2,1.3
374,2013,12,6,30,40,4,E,2,W,2,E,2,ST,8,500,,,,,CU,6,1200,,,,,SC,8,900,,,,,17.6,5.4,8.8,17.2,10.6,8.1,12.5,9.8,2.8,0.2,0.8,0.1,1.1,1.3
374,2013,12,7,25,37,2,E,2,W,4,E,2,ST,8,500,,,,,SC,7,1000,AC,1,,,ST,8,300,,,,,17.9,9.4,9.8,15.1,10.7,9.2,11.4,9.8,2.3,2,2.3,0.2,1.2,1.4
374,2013,12,8,28,40,1,E,4,E,4,W,2,CU,5,1200,AC,2,,1,CU,6,1300,AC,2,,,ST,8,100,,,,,15.7,9.2,9.8,15.2,10.3,8.6,11.5,9.5,4.1,0,1.5,0.2,1,1.2
374,2013,12,9,20,35,6,E,2,N,4,W,7,ST,8,500,,,,,CU,5,1200,AC,2,,,ST,8,400,,,,,18.4,8.2,9.4,16.2,10.9,9,11.1,10,11.6,2.6,4.4,0.2,1.1,1.3
374,2013,12,10,22,32,4,E,4,W,7,E,2,SC,8,700,,,,,CU,6,1300,AC,1,CI,1,ST,8,300,,,,,17.4,9,9.5,15.8,11.8,9,12.4,10.3,2.4,7.2,0.7,0.2,0.8,1
374,2013,12,11,25,38,10,E,4,NW,4,E,4,CU,4,1300,AC,1,CI,1,CU,7,1200,AC,1,,,SC,6,1000,AC,2,,,17.6,8.6,9.6,16.7,12.7,9,12.6,9.9,0.1,1.7,0.1,0.2,1.4,1.8
374,2013,12,12,40,42,15,E,2,NW,7,W,7,CU,1,1400,AS,2,CI,5,CU,4,1400,AS,2,CI,2,CU,5,1300,AC,1,,,20.3,7.9,9.3,18.6,12.6,8.4,12.5,10.2,0,0,0,0.4,2.1,2.4
374,2013,12,13,36,38,8,E,2,E,4,E,4,SC,4,1000,AS,3,CI,1,CU,4,1300,AS,2,CI,1,ST,8,400,,,,,19.4,8,10.2,19,11.3,8.8,12.2,10.2,7.3,0,7.3,0.3,1.6,1.8
374,2013,12,14,20,36,6,E,4,NW,4,E,4,SC,8,900,,,,,SC,4,1400,AC,1,,,ST,8,300,,,,,19.5,10.1,10.7,18.5,11.2,9.8,12.2,9.8,10.1,0,6.3,0.2,1.4,1.6
374,2013,12,15,30,40,10,E,2,W,4,E,4,ST,8,500,,,,,SC,4,1000,AC,1,,,ST,8,4000,,,,,18.4,9.5,10,16.8,12.4,9.5,11.6,10.6,14.4,3.8,2.2,0.2,0.9,1.1
374,2013,12,16,28,37,9,E,4,W,2,W,2,SC,8,1000,,,,,CU,6,1100,AC,2,,,SC,8,700,,,,,17.4,9,9.9,15.3,11.6,9.4,12.2,10.6,5,12.2,0.5,0.2,0.8,1
374,2013,12,17,10,35,6,W,4,SE,4,E,4,ST,8,500,,,,,CU,5,1300,AC,1,CI,2,ST,8,300,,,,,18.7,9.5,9.7,16.4,10.6,9.1,12.6,10,4.9,4.5,4.4,0.2,0.8,1
374,2013,12,18,32,38,15,W,2,W,4,E,2,CU,4,1200,AC,3,,,CU,4,1400,AC,2,CI,1,,,,AC,2,CI,6,18.8,8.4,9.3,18,11.5,8.8,13.2,10.3,2.7,0.5,2.7,0.2,1.1,1.3
374,2013,12,19,45,39,8,E,1,W,4,E,4,,,,AS,2,CI,6,CU,2,1400,AC,1,CI,1,SC,8,900,,,,,19.1,6,7.2,17.4,12,7,11.7,9.9,0,0,0,0.2,1.9,2.1
374,2013,12,20,36,38,10,W,2,W,7,E,4,CU,4,1300,AC,2,CI,2,CU,4,1400,,,CI,1,SC,6,1000,AC,2,,,20.3,8.7,9.7,19.6,12.3,8.8,12.4,10.1,0.5,0,0.5,0.2,1.6,1.8
374,2013,12,21,35,40,15,E,1,W,4,W,7,CU,6,1300,AC,1,CI,1,CU,6,1300,AC,1,,,SC,6,1100,NS,1,CI,1,18.9,8.1,10,14.8,13.2,9.4,10.2,8.9,0,0,0,0.2,2.2,2.6
374,2013,12,22,45,42,20,E,2,W,4,W,4,,,,,,CI,4,CU,2,1400,,,,,,,,AC,1,,,20.4,4.7,6,19.4,13,5.8,10.8,7.8,0,0,0,0.4,3.1,3.4
374,2013,12,23,50,46,18,E,1,E,2,W,9,,,,,,,,CU,1,1500,,,CI,1,,,,,,,,20.8,2.9,4.8,18.6,12.7,4.3,9.8,6.8,0,0,0,0.3,3.4,3.9
374,2013,12,24,47,45,25,E,1,NW,4,W,9,,,,,,CI,5,CU,1,1500,,,CI,7,,,,,,CI,8,19.6,2,4,18.5,10.9,2.4,10.3,5.7,0,0,0,0.5,3,3.8
374,2013,12,25,45,42,20,E,1,W,4,W,9,CU,1,1400,AS,2,CI,5,CU,3,1400,AS,1,CI,4,CU,2,1400,AC,4,CI,2,19.2,2.8,5.2,17.2,12.5,3.8,9.8,8.2,0,0,0,0.8,2.7,3.2
374,2013,12,26,40,40,25,E,2,W,7,E,4,CU,3,1300,AC,2,,,CU,4,1300,AC,1,,,CU,1,1400,AC,2,CI,4,21.6,5.6,10.2,18.8,14.4,8.3,11.9,10,0,0,0,0.5,2.5,3.5
374,2013,12,27,44,39,27,E,4,E,7,E,4,,,,AC,2,CC,2,CU,4,1400,AC,1,CI,1,,,,,,CI,3,19.6,8.7,10.6,17,13.5,8.2,10.8,9.6,0,0,0,1,2.4,3.4
374,2013,12,28,40,38,10,E,4,E,7,E,4,CU,3,1300,AC,2,,,SC,7,1000,AC,1,,,SC,8,800,,,,,19,8.4,11.2,18,13.8,8.2,11.1,10,0,0,0,1,2.4,3.1
374,2013,12,29,41,40,12,E,4,E,4,E,2,CU,7,1300,AC,1,,,CU,6,1400,AC,2,,,SC,4,1000,AC,2,,,21.5,10.6,11.5,20.2,15.6,9,12,10.6,0,0,0,0.7,2.8,3.4
374,2013,12,30,42,40,8,W,2,E,4,W,9,CU,1,1400,,,,,CU,5,1400,AC,3,,,SC,8,700,,,,,21.7,7.9,9,19.2,14.4,8.2,11.8,10.7,0,0,0,0.6,2.3,2.9
374,2013,12,31,38,41,9,E,4,W,4,W,4,CU,1,1400,AC,2,,,CU,4,1400,AC,1,,,CU,4,1200,AC,1,CI,2,20.8,9.1,10.7,19,13.9,9.5,12.5,10.2,0,0,0,0.6,2.2,2.9
