AGUA_CRUDA,CLORO,SULFATO_AL,SULFATO_CU,PH_I,pH_S,COLOR_I,COLOR_S,TURBIEDAD_I,TURBIEDAD_S,,
46126.00,109.00,500.00,24.00,7.64,7.09,281.00,36.47,26.33,0.51,,
38987.00,127.00,1000.00,24.00,7.82,7.19,297.00,36.66,27.55,0.46,,
39852.00,122.00,500.00,36.00,7.88,7.25,271.08,28.21,25.74,0.43,,
41864.00,122.00,500.00,24.00,7.81,7.21,254.75,25.17,24.63,0.41,,
37908.00,113.00,525.00,24.00,7.78,7.17,231.67,33.04,22.19,0.45,,
41789.00,116.00,1000.00,24.00,7.94,7.16,173.70,22.96,16.78,0.49,,
41401.00,127.00,500.00,30.00,7.76,7.22,171.90,15.82,17.59,0.43,,
42716.00,112.00,500.00,36.00,7.86,7.23,180.67,31.95,17.11,0.38,,
40354.00,143.00,525.00,30.00,7.90,7.24,168.00,28.84,16.20,0.35,,
39111.00,123.00,1000.00,24.00,8.04,7.28,177.75,35.38,16.68,0.50,,
40130.00,111.00,500.00,30.00,7.75,7.16,180.75,22.75,19.79,0.42,,
40869.00,136.00,500.00,30.00,7.75,7.21,207.25,22.64,22.28,0.46,,
41060.00,120.00,525.00,36.00,7.67,7.22,384.00,22.72,40.45,0.34,,
40057.00,125.00,1000.00,30.00,7.80,7.12,420.67,32.85,46.01,0.38,,
38623.00,119.00,1000.00,30.00,7.72,7.12,423.75,24.83,45.92,0.42,,
41059.00,128.00,500.00,30.00,7.78,7.07,321.83,26.68,34.43,0.43,,
39111.00,120.00,550.00,24.00,7.58,7.11,303.50,35.49,29.23,0.43,,
40539.00,125.00,1050.00,36.00,7.67,7.10,277.50,33.89,26.80,0.46,,
40737.00,121.00,1000.00,30.00,7.79,7.08,256.75,22.78,24.16,0.48,,
42027.00,129.00,500.00,24.00,7.72,7.08,281.00,23.78,27.07,0.34,,
40042.00,121.00,1000.00,24.00,7.78,7.05,498.42,19.48,57.33,0.49,,
40890.00,112.00,1000.00,24.00,7.64,7.01,572.92,28.16,73.61,0.45,,
40068.00,122.00,1425.00,24.00,7.71,7.06,444.75,23.50,38.62,0.36,,
40991.00,117.00,925.00,24.00,7.65,7.09,510.25,25.36,51.70,0.48,,
41094.00,113.00,850.00,24.00,7.62,7.04,720.25,19.94,46.57,0.27,,
41230.00,117.00,1700.00,24.00,7.69,7.04,691.17,13.92,65.90,0.25,,
42651.00,117.00,850.00,24.00,7.71,7.00,755.56,32.90,63.96,0.32,,
39077.00,112.00,1700.00,24.00,7.54,6.91,674.82,28.36,65.00,0.38,,
39845.00,115.00,850.00,18.00,7.67,7.07,608.75,19.86,70.60,0.31,,
40950.00,117.00,850.00,18.00,7.63,6.99,708.25,34.47,77.87,0.44,,
38996.00,120.00,1700.00,18.00,7.65,6.99,833.83,49.23,80.28,0.58,,
40022.00,118.00,850.00,30.00,7.65,7.01,880.00,23.00,84.52,0.39,,
39944.00,110.00,850.00,24.00,7.65,6.93,864.00,41.00,83.21,0.38,,
38966.00,122.00,850.00,24.00,7.61,7.01,854.00,37.00,77.86,0.56,,
40167.00,113.00,850.00,24.00,7.67,6.95,753.00,40.00,73.07,0.53,,
39869.00,115.00,1700.00,24.00,7.69,6.95,651.00,29.00,59.72,0.44,,
39985.00,110.00,850.00,30.00,7.70,6.96,630.00,36.00,55.89,0.41,,
40251.00,118.00,850.00,24.00,7.66,7.04,604.00,35.00,58.48,0.43,,
40011.00,120.00,1700.00,24.00,7.68,7.05,587.00,35.00,51.40,0.41,,
39992.00,113.00,850.00,30.00,7.66,7.05,504.00,60.00,49.14,0.65,,
40968.00,120.00,850.00,24.00,7.75,6.99,435.00,37.00,42.64,0.41,,
39755.00,113.00,850.00,24.00,7.73,7.01,463.00,40.00,45.69,0.48,,
38100.00,114.00,850.00,30.00,7.68,6.98,467.00,29.00,44.13,0.54,,
40818.00,114.00,1700.00,24.00,7.68,6.98,431.00,32.00,39.13,0.54,,
40714.00,110.00,850.00,24.00,7.73,7.02,371.00,36.00,36.50,0.47,,
39999.00,100.00,850.00,30.00,7.74,6.98,334.00,28.00,33.66,0.50,,
39777.00,113.00,850.00,24.00,7.63,6.98,352.00,28.00,33.83,0.48,,
39631.00,111.00,850.00,24.00,7.66,6.97,300.00,26.00,29.53,0.48,,
40231.00,110.00,850.00,30.00,7.73,6.98,258.00,18.00,25.78,0.52,,
40052.00,118.00,850.00,24.00,7.70,6.94,247.00,17.00,23.97,0.43,,
39970.00,108.00,850.00,24.00,7.70,6.88,228.00,16.00,21.99,0.48,,
39766.00,119.00,850.00,30.00,7.70,6.96,214.00,22.00,20.28,0.45,,
40023.00,107.00,850.00,24.00,7.67,7.00,184.00,18.00,17.37,0.46,,
40223.00,113.00,850.00,24.00,7.65,7.03,157.00,20.00,16.38,0.58,,
40000.00,115.00,850.00,30.00,7.64,7.02,167.00,26.00,15.86,0.56,,
40134.00,117.00,850.00,24.00,7.68,7.01,168.00,18.00,14.70,0.52,,
39760.00,117.00,850.00,24.00,7.63,6.98,164.00,28.00,15.05,0.58,,
39660.00,121.00,850.00,30.00,7.63,7.01,147.00,31.00,13.08,0.58,,
40099.00,117.00,850.00,26.00,7.59,6.96,153.00,24.00,14.09,0.37,,
42478.23,117.00,1700.00,30.00,7.68,7.01,183.00,38.00,16.10,0.45,,
42381.29,118.00,850.00,30.00,7.62,6.98,172.00,42.00,15.90,0.40,,
42260.28,118.00,850.00,36.00,7.60,7.00,177.00,39.00,15.30,0.40,,
40684.17,117.00,850.00,30.00,7.75,6.98,168.00,35.00,15.00,0.32,,
43053.85,116.00,850.00,30.00,7.70,6.97,146.00,24.00,12.49,0.37,,
40954.96,115.00,850.00,36.00,7.58,7.00,181.00,29.00,17.88,0.39,,
42358.65,127.00,850.00,36.00,7.73,6.99,294.00,27.00,28.00,0.32,,
42165.94,118.00,1700.00,30.00,7.74,6.98,355.00,24.00,33.04,0.32,,
41965.57,125.00,850.00,36.00,7.66,6.96,318.00,19.00,34.34,0.34,,
39133.83,115.00,850.00,36.00,7.77,6.95,313.00,13.00,33.01,0.38,,
40901.52,128.00,850.00,30.00,7.71,6.98,315.00,18.00,31.13,0.35,,
41854.70,102.00,1700.00,36.00,7.65,6.93,302.00,25.00,29.13,0.44,,
40976.73,118.00,850.00,30.00,7.71,6.97,291.00,27.00,27.87,0.35,,
40217.56,122.00,850.00,36.00,7.67,6.98,268.00,18.00,25.56,0.32,,
40626.56,118.00,1700.00,36.00,7.70,6.93,246.00,14.00,24.22,0.31,,
44689.00,125.00,850.00,36.00,7.61,6.85,229.00,20.00,21.53,0.32,,
43783.04,116.00,850.00,30.00,7.56,6.94,227.00,34.00,20.38,0.38,,
41012.47,121.00,1700.00,36.00,7.67,7.00,200.00,26.00,17.97,0.38,,
41922.38,128.00,1700.00,30.00,7.79,7.00,255.00,18.00,26.31,0.28,,
38159.72,127.00,1700.00,36.00,7.77,6.95,1975.00,15.00,327.00,0.46,,
37823.25,146.00,1700.00,36.00,7.60,6.65,3098.00,24.00,467.00,0.47,,
44139.54,133.00,1700.00,36.00,7.56,6.72,2943.00,34.00,391.00,0.54,,
34216.81,132.00,1700.00,30.00,7.64,6.78,2750.00,46.00,439.00,0.68,,
45421.21,136.00,3775.00,30.00,7.48,6.56,4623.00,54.00,727.00,0.67,,
48190.74,140.00,2350.00,24.00,7.66,6.59,4201.00,72.00,636.00,0.94,,
47874.05,142.00,3600.00,18.00,7.62,6.62,4411.00,71.00,639.25,0.64,,
47470.95,146.00,3800.00,18.00,7.61,6.51,7804.00,131.00,1076.17,0.89,,
46757.60,130.00,5100.00,18.00,7.45,6.58,7646.00,108.00,1009.75,0.96,,
41296.19,117.00,3700.00,18.00,7.46,6.66,7218.00,38.00,762.70,0.74,,
43903.16,112.00,5100.00,18.00,7.61,6.51,8868.00,26.00,1332.75,0.57,,
47142.31,102.00,5100.00,12.00,7.28,6.47,8899.00,33.00,1467.08,0.50,,
45994.78,130.00,3400.00,12.00,7.60,6.68,8490.00,48.00,1334.33,0.56,,
46016.12,121.00,5100.00,18.00,7.75,6.52,9121.00,24.00,1139.91,0.54,,
47038.50,128.00,1700.00,12.00,7.72,6.72,6388.00,22.00,745.00,0.56,,
45432.67,118.00,3400.00,12.00,7.67,6.77,3605.00,39.00,476.33,0.40,,
46625.67,116.00,1700.00,18.00,7.61,6.83,2718.00,51.00,323.17,0.36,,
45704.21,119.00,1700.00,12.00,7.68,6.84,2823.00,28.00,330.42,0.40,,
45354.85,119.00,1700.00,12.00,7.71,6.87,2716.00,51.00,327.75,0.43,,
44025.60,129.00,1700.00,12.00,7.59,6.90,2482.00,58.00,285.50,0.41,,
43524.72,122.00,1700.00,18.00,7.69,6.85,2458.00,64.00,253.50,0.45,,
45317.68,111.00,1700.00,18.00,7.64,6.76,2181.00,46.00,226.58,0.35,,
45400.20,116.00,1700.00,12.00,7.58,6.79,1943.00,54.00,202.33,0.35,,
44089.70,111.00,1700.00,24.00,7.53,6.86,1746.00,56.00,180.75,0.27,,
44550.90,116.00,1700.00,12.00,7.59,6.86,1582.00,49.00,159.58,0.43,,
44496.80,117.00,1700.00,18.00,7.54,6.89,1506.00,59.00,144.33,0.36,,
44119.45,123.00,1700.00,12.00,7.62,6.91,1457.00,42.00,120.50,0.31,,
43687.65,118.00,1700.00,12.00,7.72,6.85,1233.00,61.00,107.04,0.48,,
44589.90,120.00,1700.00,18.00,7.66,6.88,3432.00,68.00,140.61,0.49,,
44416.90,120.00,1700.00,18.00,7.53,6.74,2195.00,75.00,203.17,0.37,,
44976.70,120.00,1700.00,18.00,7.51,6.83,2923.00,66.00,267.25,0.41,,
43718.60,119.00,2550.00,12.00,7.52,6.84,1942.00,59.00,195.75,0.36,,
44285.70,127.00,1700.00,24.00,7.62,6.92,1712.00,42.00,163.50,0.46,,
43394.40,128.00,850.00,18.00,7.60,6.83,1542.00,48.00,139.00,0.48,,
35105.30,123.00,1800.00,18.00,7.63,6.86,1239.00,40.00,121.67,0.35,,
41009.10,121.00,950.00,24.00,7.70,6.98,1040.00,48.00,108.58,0.42,,
39992.90,112.00,1700.00,12.00,7.74,6.82,900.00,22.00,111.50,0.45,,
40920.80,115.00,1700.00,18.00,7.61,6.79,815.00,54.00,93.19,0.35,,
38374.40,112.00,1700.00,18.00,7.72,6.85,1233.00,61.00,107.04,0.48,,
38480.20,100.00,1700.00,18.00,7.60,6.83,847.00,48.00,92.46,0.48,,
38419.70,99.00,850.00,24.00,7.69,6.85,885.00,43.00,98.88,0.45,,
38218.30,104.00,1700.00,18.00,7.78,6.76,908.00,13.00,100.05,0.54,,
31626.60,103.00,850.00,24.00,7.66,6.90,978.00,14.00,99.55,0.41,,
40644.00,105.00,1700.00,24.00,7.55,6.86,860.00,17.00,87.25,0.27,,
38036.00,109.00,850.00,24.00,7.56,6.91,865.00,25.00,79.39,0.32,,
39823.00,111.00,1700.00,24.00,7.53,6.92,714.00,17.00,76.20,0.38,,
39148.00,107.00,850.00,24.00,7.75,6.93,633.00,32.00,60.68,0.39,,
39646.00,96.00,1700.00,24.00,7.66,6.87,712.00,30.00,65.79,0.34,,
41242.00,92.00,850.00,24.00,7.66,6.87,618.00,28.00,60.38,0.53,,
37640.00,93.00,1700.00,24.00,7.64,6.91,520.00,34.00,48.10,0.45,,
39318.00,93.00,850.00,24.00,7.65,6.97,523.00,42.00,49.83,0.38,,
38879.00,95.00,1700.00,24.00,7.58,7.02,460.00,37.00,40.61,0.35,,
39070.00,91.00,850.00,24.00,7.69,6.97,391.00,36.00,35.33,0.32,,
37346.00,92.00,850.00,24.00,7.58,6.94,359.00,33.00,35.16,0.39,,
42161.00,90.00,1700.00,24.00,7.68,6.98,304.00,26.00,31.47,0.43,,
39548.00,99.00,850.00,24.00,7.70,6.97,273.00,12.00,28.47,0.41,,
38964.00,93.00,850.00,24.00,7.64,6.93,242.00,17.00,22.28,0.34,,
38656.00,89.00,850.00,24.00,7.49,6.90,260.00,22.00,22.36,0.30,,
39580.00,98.00,850.00,24.00,7.66,7.11,230.00,27.00,20.12,0.29,,
39483.00,94.00,850.00,24.00,7.57,6.93,222.00,27.00,19.24,0.33,,
39700.00,103.00,550.00,24.00,7.44,6.85,218.00,27.00,19.76,0.37,,
39446.00,103.00,550.00,24.00,7.57,7.01,215.00,32.00,19.11,0.33,,
39602.00,104.00,1000.00,30.00,7.52,7.07,215.00,26.00,18.87,0.43,,
38370.00,102.00,575.00,30.00,7.55,7.05,223.00,22.00,20.24,0.35,,
39688.00,100.00,1000.00,30.00,7.47,6.93,198.00,33.00,18.47,0.33,,
37780.00,104.00,500.00,30.00,7.63,6.99,194.00,36.00,17.12,0.41,,
38472.00,99.00,1000.00,30.00,7.73,7.12,202.00,25.00,49.61,0.32,,
39318.00,104.00,575.00,30.00,7.63,7.22,169.00,24.00,15.18,0.45,,
39101.00,104.00,500.00,30.00,7.69,7.07,215.00,26.00,18.93,0.41,,
40227.00,103.00,1000.00,30.00,7.38,6.98,202.00,21.00,17.71,0.41,,
38783.00,96.00,1000.00,30.00,7.58,6.97,235.00,30.00,21.02,0.41,,
39727.00,94.00,1000.00,30.00,7.49,7.00,173.00,27.00,14.94,0.35,,
34256.00,107.00,500.00,30.00,7.56,6.96,195.00,41.00,15.80,0.29,,
45148.00,104.00,1000.00,24.00,7.66,7.06,158.00,37.00,13.67,0.36,,
39453.00,104.00,550.00,24.00,7.66,7.05,204.00,45.00,16.65,0.44,,
41491.00,103.00,1000.00,30.00,7.70,7.00,205.00,54.00,16.26,0.35,,
40887.00,102.00,1000.00,24.00,7.74,6.91,176.00,44.00,14.33,0.38,,
40744.00,103.00,500.00,30.00,7.73,7.17,199.00,44.00,15.56,0.37,,
42259.00,102.00,1000.00,24.00,7.76,7.23,187.00,58.00,14.93,0.42,,
42382.00,109.00,500.00,24.00,7.80,7.32,213.00,59.00,16.30,0.38,,
42458.00,102.00,1000.00,30.00,7.76,7.23,217.00,49.00,17.67,0.36,,
42419.00,107.00,500.00,24.00,7.60,7.06,210.00,57.00,16.61,0.37,,
42022.00,104.00,1000.00,24.00,7.73,7.14,220.00,57.00,16.12,0.42,,
43051.00,110.00,1000.00,30.00,7.80,7.24,195.00,54.00,14.64,0.40,,
42186.00,109.00,500.00,24.00,7.78,7.24,202.00,65.00,15.21,0.40,,
43303.00,107.00,500.00,24.00,7.76,6.99,223.00,70.00,16.70,0.37,,
42061.00,104.00,1000.00,24.00,7.72,7.15,238.00,66.00,19.83,0.37,,
41136.00,106.00,1000.00,30.00,7.67,7.00,222.00,67.00,16.90,0.37,,
43346.00,104.00,500.00,24.00,7.72,7.07,228.00,64.00,17.97,0.32,,
42056.00,103.00,1000.00,24.00,7.75,7.04,229.00,64.00,17.98,0.38,,
41562.00,104.00,1000.00,30.00,7.75,7.06,208.00,65.00,16.05,0.36,,
40663.00,105.00,500.00,24.00,7.71,7.07,199.00,54.00,15.38,0.47,,
44935.00,105.00,1000.00,24.00,7.75,7.03,223.00,62.00,16.86,0.36,,
42364.00,111.00,1000.00,30.00,7.77,7.03,226.00,65.00,16.75,0.37,,
43804.00,114.00,500.00,24.00,7.71,7.00,204.00,63.00,15.43,0.36,,
41647.00,107.00,1000.00,24.00,7.77,7.05,169.00,41.00,14.43,0.38,,
44214.00,111.00,500.00,30.00,7.69,7.10,163.00,31.00,14.67,0.50,,
43839.00,110.00,1000.00,24.00,7.93,7.15,139.00,28.00,13.23,0.44,,
42841.00,111.00,500.00,24.00,7.83,7.12,149.00,34.00,13.40,0.44,,
43397.00,108.00,1000.00,24.00,7.72,6.82,176.00,48.00,13.82,0.38,,
43549.00,114.00,500.00,24.00,7.70,7.06,152.00,39.00,12.33,0.39,,
43784.50,112.00,1000.00,24.00,7.70,7.06,133.00,36.00,11.46,0.41,,
43784.50,110.00,500.00,18.00,7.73,7.04,135.00,33.00,11.16,0.36,,
43605.00,110.00,1000.00,20.00,7.69,7.04,129.00,32.00,10.84,0.36,,
43700.00,108.00,500.00,20.00,7.77,7.07,134.00,29.00,10.60,0.41,,
45061.00,114.00,1000.00,24.00,7.85,7.13,102.00,28.00,9.82,0.45,,
42272.00,103.00,500.00,24.00,7.77,7.10,132.00,32.00,10.96,0.39,,
43619.00,103.00,1000.00,36.00,7.72,7.04,129.00,27.00,12.27,0.32,,
40021.00,101.00,500.00,24.00,7.77,7.08,133.00,33.00,10.93,0.38,,
43930.00,100.00,500.00,24.00,7.74,7.08,133.00,29.00,10.65,0.42,,
43530.00,101.00,1000.00,24.00,7.84,7.16,121.00,31.00,9.78,0.33,,
45206.00,102.00,500.00,24.00,7.88,7.17,112.00,24.00,10.02,0.39,,
39635.00,86.00,1000.00,30.00,7.84,7.16,117.00,36.00,9.58,0.43,,
43434.00,108.00,500.00,30.00,7.71,7.07,114.00,38.00,10.41,0.40,,
38102.00,101.00,1000.00,20.00,7.82,7.07,122.00,29.00,10.36,0.34,,
38022.00,101.00,500.00,20.00,7.92,7.10,123.00,34.00,10.02,0.38,,
42815.00,101.00,1000.00,30.00,7.84,7.08,107.00,31.00,10.67,0.35,,
43412.00,91.00,500.00,30.00,7.77,7.07,123.00,26.00,12.65,0.40,,
43822.00,102.00,500.00,40.00,7.85,7.13,125.00,26.00,12.59,0.38,,
43103.00,98.00,500.00,30.00,7.87,7.10,98.00,29.00,11.63,0.52,,
43471.00,97.00,1000.00,40.00,7.68,6.98,99.00,34.00,12.59,0.49,,
42041.00,93.00,500.00,40.00,7.74,7.03,137.00,33.00,12.08,0.45,,
42811.00,97.00,1050.00,30.00,7.85,7.03,140.00,30.00,12.16,0.48,,
42020.00,104.00,500.00,30.00,7.73,7.02,134.00,34.00,11.52,0.35,,
42798.00,92.00,500.00,20.00,7.84,7.07,140.00,32.00,11.59,0.44,,
42912.00,96.00,1000.00,30.00,7.68,7.04,133.00,34.00,12.63,0.45,,
42801.00,98.00,500.00,20.00,7.73,7.13,125.00,26.00,22.53,0.38,,
42245.00,94.00,1000.00,20.00,7.74,7.04,119.00,29.00,11.36,0.30,,
40683.00,86.00,500.00,30.00,7.77,7.07,118.00,29.00,11.43,0.33,,
42297.00,100.00,500.00,20.00,7.73,7.05,129.00,29.00,10.16,0.37,,
43350.00,96.00,500.00,30.00,7.69,7.01,120.00,31.00,11.04,0.38,,
42765.00,99.00,1000.00,20.00,7.73,7.03,97.00,32.00,10.12,0.30,,
42086.00,97.00,500.00,30.00,7.76,7.04,88.00,34.00,9.77,0.43,,
42647.00,98.00,500.00,30.00,7.77,7.00,108.00,33.00,10.37,0.40,,
43534.00,102.00,1000.00,30.00,7.75,7.01,104.00,25.00,10.32,0.34,,
43264.00,97.00,500.00,20.00,7.74,7.03,123.00,32.00,10.62,0.32,,
42955.00,95.00,500.00,30.00,7.80,7.10,94.00,42.00,10.03,0.32,,
42570.00,96.00,500.00,20.00,7.70,7.09,79.00,40.00,9.96,0.32,,
43058.00,98.00,1000.00,30.00,7.70,7.05,70.00,34.00,10.26,0.32,,
41381.63,99.00,500.00,20.00,7.63,7.05,86.00,21.00,10.15,0.32,,
42558.40,97.00,500.00,30.00,7.66,7.01,107.00,28.00,10.48,0.36,,
40740.00,94.00,500.00,20.00,7.64,7.07,110.00,37.00,10.17,0.38,,
44113.00,97.00,500.00,30.00,7.64,7.07,111.00,38.00,10.60,0.38,,
42263.00,97.00,500.00,20.00,7.71,7.07,104.00,48.00,10.45,0.39,,
43223.00,87.00,1000.00,20.00,7.83,7.20,87.00,44.00,10.33,0.39,,
42051.00,96.00,500.00,30.00,7.77,7.17,135.00,45.00,10.20,0.32,,
41825.00,91.00,500.00,30.00,7.77,7.20,129.00,36.00,10.89,0.39,,
41505.00,95.00,550.00,30.00,7.94,7.22,79.00,28.00,10.33,0.37,,
42988.00,93.00,500.00,20.00,7.89,7.21,114.00,34.00,11.33,0.31,,
44401.00,92.00,1000.00,30.00,8.00,7.21,98.00,31.00,10.80,0.41,,
43241.00,96.00,500.00,20.00,7.81,7.15,101.00,30.00,11.46,0.36,,
44904.00,93.00,500.00,30.00,7.62,7.07,121.00,38.00,11.05,0.35,,
43507.00,93.00,500.00,30.00,7.75,7.09,107.00,40.00,11.55,0.34,,
43950.00,84.00,1000.00,30.00,7.74,7.08,110.00,37.00,11.68,0.32,,
42948.00,105.00,500.00,20.00,7.82,7.04,109.00,31.00,11.68,0.35,,
43097.00,97.00,500.00,20.00,7.77,6.93,109.00,35.00,11.16,0.33,,
40999.00,98.00,500.00,30.00,7.70,7.11,107.00,40.00,11.48,0.35,,
42918.00,98.00,500.00,10.00,7.69,7.08,113.00,41.00,11.71,0.32,,
45839.00,95.00,1000.00,30.00,7.74,7.09,133.00,46.00,12.37,0.31,,
42151.00,96.00,500.00,30.00,7.75,7.14,115.00,39.00,11.90,0.33,,
42429.00,94.00,500.00,30.00,7.76,7.14,72.00,27.00,11.60,0.35,,
42940.00,100.00,500.00,30.00,7.79,7.10,80.00,25.00,11.62,0.34,,
42956.00,83.00,500.00,30.00,7.75,7.16,90.00,34.00,11.80,0.37,,
42887.00,97.00,1000.00,30.00,7.77,7.13,98.00,39.00,11.50,0.36,,
42985.00,101.00,550.00,20.00,7.81,7.15,121.00,40.00,10.80,0.34,,
43470.00,93.00,500.00,30.00,7.80,7.16,127.00,40.00,11.27,0.32,,
41866.00,91.00,500.00,30.00,7.82,7.12,106.00,33.00,10.46,0.38,,
43834.00,95.00,500.00,20.00,7.78,7.04,78.00,36.00,10.38,0.30,,
44125.00,94.00,1000.00,30.00,7.58,7.09,112.00,37.00,10.37,0.43,,
44846.00,95.00,550.00,40.00,7.59,7.00,99.00,35.00,10.30,0.36,,
41497.00,99.00,500.00,30.00,7.64,6.97,108.00,35.00,10.13,0.32,,
43693.00,103.00,500.00,30.00,7.60,7.10,138.00,42.00,11.12,0.34,,
42961.00,97.00,500.00,30.00,7.52,7.02,117.00,35.00,12.80,0.36,,
45598.00,94.00,1000.00,30.00,7.51,6.96,121.00,34.00,11.79,0.41,,
44915.00,96.00,500.00,20.00,7.53,7.02,83.00,29.00,10.61,0.42,,
43403.00,97.00,1000.00,20.00,7.64,7.07,85.00,34.00,10.04,0.45,,
45419.00,106.00,500.00,30.00,7.58,7.05,103.00,41.00,11.45,0.36,,
36338.00,82.00,1000.00,30.00,7.63,7.14,101.00,29.00,11.09,0.40,,
43346.00,95.00,500.00,30.00,7.71,7.11,96.00,18.00,11.88,0.37,,
43282.00,101.00,500.00,30.00,7.71,7.09,96.00,15.00,11.87,0.32,,
41762.00,95.00,500.00,30.00,7.68,7.11,73.00,19.00,11.72,0.36,,
41776.00,84.00,500.00,30.00,7.68,7.10,88.00,31.00,10.97,0.33,,
42516.00,98.00,500.00,30.00,7.64,7.10,100.00,32.00,11.33,0.39,,
42472.00,96.00,1000.00,40.00,7.57,7.03,94.00,31.00,10.65,0.34,,
30439.00,63.00,0.00,30.00,7.46,6.99,122.00,33.00,11.70,0.23,,
44853.00,104.00,1000.00,30.00,7.66,7.01,119.00,38.00,11.35,0.38,,
41614.00,93.00,500.00,30.00,7.62,6.98,112.00,23.00,10.93,0.36,,
43207.00,98.00,500.00,30.00,7.68,7.04,104.00,25.00,10.76,0.37,,
42443.00,104.00,500.00,30.00,7.71,7.06,102.00,29.00,10.96,0.34,,
42091.00,101.00,500.00,30.00,7.67,7.03,83.00,24.00,11.36,0.38,,
43474.00,94.00,500.00,40.00,7.62,7.04,102.00,24.00,11.22,0.27,,
43301.00,102.00,500.00,40.00,7.61,7.08,114.00,27.00,10.88,0.32,,
43245.00,101.00,500.00,30.00,7.77,7.10,92.00,16.00,11.07,0.39,,
42809.00,99.00,500.00,30.00,7.81,7.10,98.00,22.00,11.74,0.37,,
36338.00,79.00,550.00,40.00,7.80,7.12,86.00,30.00,11.35,0.34,,
45778.00,99.00,500.00,40.00,7.56,6.96,87.00,25.00,11.64,0.36,,
38985.00,90.00,500.00,30.00,7.62,7.05,81.00,18.00,11.25,0.35,,
41661.00,102.00,500.00,30.00,7.72,6.97,57.00,20.00,9.57,0.33,,
43387.00,99.00,1000.00,40.00,7.71,6.98,85.00,22.00,10.45,0.41,,
44902.00,98.00,500.00,30.00,7.78,7.00,111.00,19.00,12.21,0.51,,
42031.00,99.00,500.00,40.00,7.65,7.09,81.00,19.00,11.49,0.39,,
45740.00,104.00,500.00,40.00,7.61,7.02,92.00,18.00,11.83,0.36,,
41777.00,101.00,500.00,30.00,7.66,7.07,107.00,20.00,11.61,0.32,,
43056.00,98.00,1000.00,30.00,7.62,7.05,94.00,21.00,11.39,0.34,,
44426.00,102.00,500.00,40.00,7.70,7.06,98.00,26.00,11.09,0.32,,
40238.00,98.00,500.00,40.00,7.56,6.99,67.00,17.00,12.29,0.34,,
42402.00,100.00,500.00,30.00,7.76,7.04,88.00,19.00,11.98,0.36,,
41738.00,99.00,1000.00,30.00,7.74,7.04,93.00,23.00,12.09,0.34,,
43437.00,100.00,500.00,30.00,7.70,7.04,78.00,22.00,13.32,0.36,,
41698.00,92.00,500.00,40.00,7.66,7.06,111.00,24.00,13.16,0.33,,
43783.00,96.00,500.00,40.00,7.71,7.09,103.00,25.00,12.12,0.40,,
43705.00,98.00,1000.00,30.00,7.63,7.07,97.00,27.00,12.19,0.38,,
43199.00,99.00,500.00,30.00,7.72,7.09,116.00,24.00,11.48,0.35,,
43982.00,101.00,500.00,40.00,7.56,7.06,104.00,23.00,12.02,0.39,,
44876.00,102.00,1000.00,40.00,7.73,7.06,123.00,24.00,11.27,0.33,,
43105.00,98.00,500.00,40.00,7.75,7.05,107.00,23.00,12.74,0.32,,
42092.00,97.00,500.00,30.00,7.64,7.05,100.00,22.00,12.38,0.28,,
43855.00,100.00,500.00,30.00,7.73,7.12,114.00,18.00,11.83,0.30,,
42927.00,95.00,1000.00,40.00,7.69,7.11,93.00,10.00,12.83,0.32,,
42181.00,99.00,500.00,40.00,7.67,7.07,86.00,,12.28,0.30,,
41444.00,97.00,500.00,30.00,7.62,6.99,61.00,6.00,14.45,0.30,,
41718.00,99.00,1000.00,30.00,7.65,7.04,95.00,1.00,11.78,0.33,,
42515.00,98.00,500.00,30.00,7.68,7.02,97.00,10.00,12.42,0.34,,
41266.00,104.00,500.00,20.00,7.61,7.01,88.00,12.00,12.40,0.36,,
40792.00,98.00,1000.00,30.00,7.65,7.06,73.00,12.00,12.67,0.50,,
41566.00,100.00,500.00,40.00,7.55,7.03,88.00,11.00,13.32,0.28,,
41708.00,97.00,500.00,30.00,7.68,7.08,99.00,10.00,13.48,0.29,,
40912.00,96.00,500.00,30.00,7.75,7.07,111.00,7.00,13.57,0.33,,
41125.00,94.00,1000.00,40.00,7.76,7.03,132.00,9.00,13.63,0.32,,
41508.00,96.00,500.00,40.00,7.67,7.08,140.00,15.00,14.08,0.36,,
41115.00,90.00,500.00,40.00,7.72,7.08,146.00,11.00,14.85,0.40,,
41518.00,94.00,1000.00,40.00,7.73,7.07,158.00,7.00,16.23,0.31,,
40777.00,98.00,500.00,40.00,7.83,7.07,182.00,9.00,17.43,0.30,,
40508.00,96.00,1000.00,30.00,7.65,7.12,172.00,10.00,16.93,0.33,,
42840.00,96.00,500.00,40.00,7.75,7.08,164.00,18.00,17.53,0.31,,
42079.00,100.00,1000.00,40.00,7.79,7.15,190.00,21.00,18.78,0.37,,
40396.00,85.00,500.00,40.00,7.81,7.11,200.00,21.00,19.89,0.31,,
40080.00,97.00,1000.00,30.00,7.75,7.13,192.00,25.00,19.37,0.31,,
39774.00,93.00,500.00,40.00,7.76,7.09,194.00,15.00,20.08,0.30,,
42855.63,93.00,1000.00,40.00,7.69,6.45,197.00,8.00,19.48,0.45,,
41472.00,95.00,500.00,30.00,7.74,7.08,197.00,5.00,19.71,0.36,,
41230.00,96.00,1000.00,40.00,7.76,7.08,213.00,12.00,21.52,0.49,,
41060.00,95.00,1000.00,40.00,7.67,7.04,218.00,11.00,21.89,0.34,,
41387.00,99.00,500.00,30.00,7.64,7.06,220.00,13.00,21.73,0.45,,
41406.00,103.00,1000.00,30.00,7.66,7.05,223.00,18.00,21.66,0.39,,
40608.00,100.00,500.00,40.00,7.62,7.06,230.00,17.00,22.15,0.41,,
41073.00,100.00,1000.00,30.00,7.68,7.05,228.00,20.00,22.09,0.40,,
23044.00,77.00,500.00,30.00,7.70,7.12,167.00,50.00,15.90,0.46,,
23447.00,68.00,525.00,30.00,8.10,7.21,109.00,36.00,11.01,0.58,,
25950.00,72.00,500.00,20.00,8.16,7.08,122.00,27.00,8.88,0.56,,
24975.00,66.00,500.00,30.00,8.60,7.36,114.00,71.00,8.26,1.62,,
8667.00,0.00,0.00,0.00,,,,,,,,
7967.00,75.00,500.00,30.00,7.87,7.27,203.00,112.00,14.36,2.47,,
30681.00,115.00,500.00,30.00,8.03,7.14,130.00,91.00,7.92,1.74,,
30890.00,114.00,500.00,30.00,8.47,7.33,213.00,90.00,6.27,1.30,,
38583.00,118.00,500.00,40.00,7.69,7.05,360.00,30.00,36.18,0.47,,
40657.00,116.00,1000.00,30.00,7.75,7.11,346.00,32.40,32.84,0.36,,
40665.00,112.00,500.00,30.00,7.77,7.15,313.00,32.10,30.33,0.30,,
40053.00,111.00,1000.00,30.00,7.71,7.07,295.50,23.74,30.36,0.36,,
40004.00,116.00,1000.00,40.00,7.68,7.03,330.50,23.49,31.62,0.30,,
40409.00,108.00,500.00,30.00,7.68,7.04,316.00,31.24,31.38,0.40,,
40016.00,110.00,1000.00,30.00,7.65,7.01,319.33,28.46,30.19,0.38,,
39158.00,108.00,500.00,40.00,7.72,7.02,258.64,20.75,24.23,0.48,,
40029.00,111.00,1000.00,30.00,7.87,7.05,229.83,24.12,21.69,0.41,,
41113.00,113.00,500.00,30.00,7.79,7.11,216.25,32.01,20.27,0.41,,
39179.00,113.00,1000.00,30.00,7.79,7.08,206.50,29.80,18.39,0.50,,
40140.00,113.00,500.00,30.00,7.82,7.06,207.25,29.86,18.82,0.49,,
40402.00,110.00,1000.00,30.00,7.98,7.13,200.33,34.41,16.94,0.53,,
40004.00,111.00,500.00,30.00,7.92,7.14,186.73,40.86,15.29,0.40,,
39900.00,108.00,1000.00,30.00,7.88,7.12,199.00,38.89,16.68,0.35,,
40242.00,111.00,500.00,30.00,7.78,7.05,168.75,25.54,14.78,0.35,,
40893.13,111.00,1000.00,30.00,7.86,7.11,178.75,26.49,15.43,0.42,,
40099.00,113.00,500.00,30.00,7.86,7.13,180.75,24.87,16.28,0.40,,
40231.00,113.00,1000.00,40.00,7.88,7.26,186.25,31.82,15.78,0.41,,
40278.00,111.00,500.00,40.00,7.65,7.20,172.50,19.47,15.48,0.40,,
40188.00,112.00,1000.00,40.00,7.81,7.09,171.58,23.83,15.55,0.36,,
40541.00,113.00,500.00,40.00,7.80,7.09,166.92,26.45,14.20,0.35,,
40913.00,111.00,1000.00,30.00,7.76,7.08,172.45,30.15,13.93,0.32,,
40746.00,112.00,500.00,40.00,7.82,7.12,215.42,31.55,17.33,0.43,,
40183.00,107.00,1000.00,30.00,7.77,7.10,174.13,3.85,18.79,0.34,,
40692.00,108.00,525.00,40.00,7.89,7.13,140.25,4.31,18.05,0.44,,
41074.00,97.00,1000.00,40.00,7.84,7.12,174.13,9.63,17.94,0.35,,
40017.00,109.00,500.00,30.00,7.79,7.09,187.50,18.05,18.43,0.30,,
40380.00,109.00,1000.00,40.00,7.85,7.05,200.42,13.36,19.05,0.36,,
40169.00,100.00,500.00,30.00,7.88,7.14,217.67,12.26,19.62,0.34,,
40336.00,113.00,1000.00,30.00,7.80,7.08,222.46,15.11,23.08,0.37,,
40472.00,103.00,500.00,30.00,7.83,7.27,271.00,11.61,25.13,0.29,,
40170.00,114.00,1000.00,30.00,7.76,7.21,263.33,11.42,26.77,0.30,,
40022.00,108.00,1000.00,30.00,7.89,7.14,300.25,28.20,28.18,0.48,,
40745.00,105.00,500.00,40.00,7.76,7.05,315.00,28.83,29.93,0.37,,
40479.00,102.00,1000.00,30.00,8.00,7.09,244.13,20.65,22.95,0.23,,
40801.00,102.00,500.00,30.00,8.02,7.11,233.86,11.93,24.04,0.44,,
40294.00,106.00,1000.00,40.00,7.93,7.09,220.63,20.08,20.50,0.43,,
40972.00,105.00,500.00,30.00,7.91,7.21,235.80,17.98,24.46,0.46,,
40754.00,103.00,1000.00,30.00,7.77,7.06,206.80,18.22,19.60,0.38,,
40663.00,101.00,1000.00,30.00,7.81,7.10,213.25,21.13,20.90,0.40,,
40936.00,103.00,500.00,40.00,7.81,7.07,202.38,14.51,19.99,0.39,,
42086.00,97.00,1025.00,30.00,7.89,7.10,226.75,14.88,21.93,0.30,,
43444.00,98.00,1000.00,40.00,7.90,7.09,202.33,21.33,19.03,0.35,,
45374.00,104.00,500.00,30.00,7.82,7.04,197.67,20.96,18.51,0.35,,
42187.00,102.00,1000.00,40.00,7.73,7.04,217.50,13.17,19.86,0.34,,
43386.00,103.00,1000.00,17.00,7.64,7.04,331.75,16.74,31.88,0.31,,
42082.00,99.00,500.00,0.00,7.74,7.03,523.64,29.26,50.62,0.37,,
41604.00,100.00,1000.00,0.00,7.68,6.99,533.33,41.41,49.71,0.32,,
41231.00,102.00,1000.00,0.00,7.76,7.00,538.25,38.13,51.05,0.33,,
42108.00,96.00,1000.00,0.00,7.67,7.06,420.75,25.51,41.68,0.28,,
41472.00,99.00,1000.00,20.00,7.73,7.05,321.91,26.64,36.54,0.33,,
41604.00,102.00,1000.00,30.00,7.68,6.97,255.38,18.27,31.53,0.38,,
41414.00,109.00,1000.00,30.00,7.77,6.97,279.67,22.97,30.38,0.41,,
41095.00,98.00,1000.00,30.00,7.72,6.94,274.91,13.70,27.96,0.31,,
41207.00,100.00,500.00,40.00,7.78,6.91,297.44,20.04,29.20,0.36,,
41463.00,97.00,1000.00,30.00,7.68,7.04,283.92,17.95,29.36,0.30,,
41527.00,98.00,1000.00,40.00,7.73,7.01,252.50,16.89,25.09,0.38,,
42102.00,105.00,1000.00,30.00,7.72,7.04,253.27,27.72,23.84,0.37,,
41004.00,102.00,500.00,30.00,7.71,7.06,223.89,19.16,21.93,0.35,,
40770.00,106.00,1000.00,30.00,7.56,6.96,240.50,16.29,22.00,0.29,,
41715.00,104.00,1000.00,40.00,7.73,6.99,191.00,16.00,18.75,0.29,,
42456.00,109.00,500.00,30.00,7.74,6.98,336.00,23.00,54.17,0.33,,
41208.00,115.00,1500.00,20.00,7.58,6.95,1179.46,24.14,225.42,0.33,,
40509.00,112.00,1500.00,20.00,7.71,6.93,1285.00,28.00,183.59,0.32,,
39748.00,109.00,1000.00,20.00,7.63,6.96,795.00,19.00,92.83,0.36,,
42250.00,116.00,1000.00,20.00,7.68,7.04,829.75,18.67,78.79,0.38,,
40590.00,113.00,1000.00,10.00,7.74,7.10,712.17,37.69,87.09,0.34,,
40023.00,105.00,1000.00,20.00,7.64,6.92,571.66,21.75,76.13,0.30,,
39364.00,102.00,1000.00,20.00,7.72,6.96,521.86,22.10,66.38,0.39,,
38922.00,105.00,1000.00,20.00,7.63,6.99,501.68,21.64,60.03,0.42,,
39574.00,109.00,1000.00,20.00,7.64,6.95,491.58,32.10,60.51,0.42,,
40544.00,116.00,1000.00,20.00,7.67,7.08,428.03,26.68,56.55,0.35,,
40197.00,117.00,2350.00,20.00,7.65,7.13,960.71,23.43,150.92,0.37,,
40048.00,119.00,875.00,20.00,7.69,7.08,1048.00,32.00,154.54,0.31,,
40318.00,116.00,1750.00,20.00,7.73,7.12,930.58,31.56,120.42,0.27,,
40115.00,117.00,1750.00,20.00,7.73,7.10,644.50,19.57,83.21,0.35,,
40996.00,119.00,875.00,20.00,7.60,7.06,552.25,29.52,61.85,0.33,,
40157.00,130.00,875.00,30.00,7.64,7.05,475.00,48.73,50.08,0.29,,
40183.99,118.00,875.00,30.00,7.65,7.01,388.00,33.00,48.25,0.34,,
40288.00,118.00,875.00,30.00,7.66,7.02,344.63,39.43,40.10,0.37,,
40195.82,120.00,875.00,30.00,7.69,7.01,325.44,32.13,34.58,0.40,,
40456.00,120.00,875.00,30.00,7.62,7.00,343.05,26.72,36.13,0.36,,
40009.00,118.00,850.00,30.00,7.52,6.97,300.18,28.50,31.38,0.35,,
40645.00,120.00,850.00,30.00,7.55,6.94,279.75,15.19,30.28,0.39,,
40737.00,113.00,850.00,30.00,7.58,6.98,315.42,44.88,30.36,0.35,,
38761.00,113.00,1700.00,30.00,7.64,7.08,733.78,41.25,79.41,0.32,,
38905.00,110.00,850.00,20.00,7.63,7.03,1021.88,33.84,119.73,0.32,,
40196.00,113.00,1700.00,20.00,7.61,6.94,1559.58,18.29,293.09,0.37,,
39405.00,112.00,1700.00,0.00,7.59,6.82,3112.58,15.15,624.08,0.51,,
40394.00,113.00,1700.00,0.00,7.50,6.76,2218.78,36.30,431.08,0.37,,
40154.00,116.00,1700.00,0.00,7.70,6.88,2398.00,33.00,325.00,0.36,,
39911.00,113.00,1700.00,12.00,7.62,6.90,2294.42,35.24,483.17,0.36,,
39337.00,101.00,1700.00,16.00,7.63,7.07,2040.83,58.20,251.83,0.32,,
39078.00,106.00,850.00,15.00,7.66,6.90,1789.33,26.86,241.08,0.31,,
38939.00,101.00,1700.00,25.00,7.73,6.94,2295.25,49.73,357.17,0.37,,
32426.00,86.00,3000.00,0.00,7.89,6.85,4262.73,29.98,837.27,0.36,,
40299.00,104.00,2475.00,0.00,7.74,6.77,4548.08,51.32,914.67,0.65,,
39217.00,112.00,2350.00,0.00,7.70,6.91,6252.75,95.49,1095.08,1.29,,
39556.00,104.00,3650.00,20.00,7.84,6.80,7236.25,71.22,1279.08,0.75,,
39168.00,102.00,2350.00,20.00,7.99,7.05,6066.67,43.90,1082.75,0.37,,
40450.00,105.00,3525.00,20.00,7.75,6.93,5454.75,58.00,1198.17,0.72,,
40119.00,102.00,2350.00,20.00,7.81,7.14,3349.17,36.29,837.83,0.51,,
40189.00,100.00,1175.00,20.00,7.66,7.05,2199.33,40.29,380.58,0.38,,
40178.00,110.00,2100.00,20.00,7.78,7.21,1524.42,45.44,230.25,0.30,,
40748.00,110.00,925.00,30.00,7.82,7.13,2402.92,21.70,410.83,0.29,,
40115.00,101.00,2550.00,30.00,7.79,7.13,2690.08,19.00,375.75,0.31,,
40410.00,104.00,1700.00,30.00,7.82,7.18,1478.75,27.57,233.83,0.30,,
40126.00,102.00,850.00,30.00,7.85,7.17,1036.38,25.01,149.42,0.28,,
40316.00,102.00,1700.00,20.00,7.88,7.26,932.38,30.83,126.75,0.29,,
40565.00,97.00,850.00,20.00,7.84,7.11,705.67,24.71,101.89,0.27,,
29598.00,64.00,850.00,20.00,7.81,7.13,589.17,13.08,91.43,0.35,,
40525.00,105.00,1700.00,30.00,7.86,7.09,580.93,28.86,77.78,0.30,,
40379.00,105.00,550.00,30.00,7.81,7.24,645.00,16.00,103.00,0.20,,
40345.00,107.00,550.00,30.00,7.70,7.08,567.86,46.65,67.89,0.30,,
40026.00,101.00,1000.00,30.00,7.89,7.27,523.72,29.88,54.73,0.32,,
40060.00,111.00,1000.00,30.00,7.85,7.31,476.71,18.72,52.51,0.29,,
40184.00,106.00,1000.00,32.00,7.79,7.03,404.75,21.26,41.38,0.27,,
39190.00,108.00,1000.00,30.00,7.77,7.09,366.25,22.09,38.18,0.24,,
40398.00,105.00,1000.00,30.00,7.85,7.20,288.08,23.11,30.72,0.31,,
40204.00,102.00,1000.00,30.00,7.86,7.33,272.08,20.75,27.84,0.28,,
40660.00,104.00,500.00,30.00,7.90,7.32,203.33,15.53,22.17,0.36,,
40549.00,106.00,1000.00,30.00,8.02,7.38,166.42,22.61,17.09,0.32,,
39751.00,104.00,500.00,30.00,8.04,7.20,135.42,11.74,15.26,0.37,,
40714.00,104.00,500.00,40.00,8.14,7.23,125.92,16.59,13.44,0.40,,
40929.00,101.00,1000.00,40.00,7.91,7.10,305.42,11.63,60.30,0.32,,
40486.00,94.00,1500.00,40.00,7.77,7.13,1325.08,19.20,255.75,0.32,,
40394.00,93.00,1500.00,30.00,7.79,7.10,1603.58,25.28,197.50,0.29,,
40553.00,99.00,1000.00,30.00,7.77,7.11,965.75,28.31,138.23,0.28,,
40670.00,101.00,500.00,30.00,7.85,7.18,951.17,19.51,115.75,0.27,,
40460.00,100.00,1000.00,30.00,7.91,7.28,774.26,30.59,96.13,0.29,,
40106.00,95.00,1000.00,40.00,7.83,7.14,707.33,21.13,76.34,0.28,,
40448.00,95.00,1000.00,40.00,7.81,7.14,767.88,19.77,90.26,0.34,,
40220.00,99.00,1000.00,40.00,7.84,7.11,574.73,24.77,62.26,0.26,,
40146.00,96.00,1000.00,40.00,7.79,7.17,539.29,25.38,55.83,0.26,,
40388.00,96.00,1000.00,40.00,7.86,7.14,491.33,20.83,56.16,0.28,,
40350.00,100.00,1000.00,30.00,7.75,7.08,589.17,23.72,60.11,0.36,,
40215.00,98.00,1000.00,40.00,7.85,7.18,539.33,24.81,56.43,0.35,,
40029.00,99.00,1000.00,40.00,7.85,7.17,490.75,13.89,53.13,0.33,,
40191.77,98.00,1000.00,40.00,7.81,7.11,414.83,17.51,43.24,0.29,,
40434.00,96.00,1000.00,30.00,7.80,7.12,339.10,21.12,34.26,0.36,,
40170.00,102.00,500.00,40.00,7.72,7.13,386.40,38.83,30.48,0.43,,
40603.00,100.00,1000.00,30.00,7.78,7.09,289.42,23.55,29.01,0.51,,
41371.00,105.00,1000.00,40.00,7.78,7.20,284.92,24.11,31.02,0.47,,
38089.00,95.00,500.00,40.00,7.71,7.09,265.09,21.24,30.83,0.37,,
40154.00,96.00,1000.00,30.00,7.83,7.21,230.08,25.63,29.62,0.37,,
40189.00,101.00,1000.00,40.00,7.67,7.16,221.42,28.09,24.59,0.40,,
40237.00,102.00,1000.00,30.00,7.87,7.13,175.82,27.64,19.84,0.46,,
40444.00,103.00,500.00,40.00,7.82,7.12,190.08,24.40,19.65,0.42,,
40960.00,99.00,1000.00,40.00,7.90,7.12,165.83,26.44,18.35,0.38,,
40315.00,105.00,1000.00,30.00,7.78,7.05,159.73,28.10,18.35,0.46,,
40291.00,105.00,500.00,30.00,7.78,7.08,154.22,21.67,16.77,0.46,,
40448.00,104.00,1000.00,40.00,7.79,7.07,170.67,25.36,17.33,0.48,,
38707.00,107.00,1000.00,40.00,7.73,6.97,169.67,21.89,17.78,0.46,,
40431.00,104.00,500.00,40.00,7.86,7.01,181.33,24.44,17.63,0.54,,
40187.00,106.00,1000.00,50.00,7.74,6.98,160.67,23.50,16.06,0.47,,
40327.00,106.00,1000.00,52.00,7.77,7.02,154.50,24.92,17.63,0.37,,
40480.00,118.00,1000.00,50.00,7.80,7.10,155.25,23.98,16.58,0.56,,
40240.00,104.00,500.00,40.00,7.69,6.99,154.80,18.97,16.84,0.39,,
40114.00,101.00,1000.00,40.00,7.83,7.02,144.08,17.88,14.65,0.39,,
39904.00,107.00,500.00,40.00,7.84,7.04,150.34,21.46,13.99,0.40,,
40481.00,106.00,500.00,40.00,7.85,7.07,156.60,25.05,13.32,0.40,,
40538.00,109.00,1000.00,50.00,7.72,7.13,116.38,28.88,12.79,0.47,,
40458.00,109.00,500.00,50.00,7.79,7.19,152.50,25.73,13.20,0.42,,
40468.00,101.00,1000.00,40.00,7.84,7.17,107.83,30.97,11.34,0.50,,
40220.00,93.00,500.00,50.00,7.88,7.19,104.92,28.69,11.60,0.59,,
40326.00,96.00,500.00,40.00,7.82,7.12,106.33,28.12,11.43,0.66,,
40155.00,92.00,1000.00,50.00,7.74,7.05,126.33,25.19,13.39,0.49,,
40001.00,108.00,500.00,40.00,7.89,7.07,112.50,19.23,12.07,0.51,,
40542.00,0.00,500.00,50.00,7.82,7.17,135.30,29.15,13.16,0.51,,
40443.00,0.00,1000.00,40.00,7.85,7.08,112.17,30.12,12.73,0.59,,
40349.00,0.00,500.00,50.00,7.87,7.18,119.83,23.83,12.86,0.57,,
40699.00,0.00,1000.00,40.00,7.95,7.20,134.17,20.64,15.22,0.45,,
40294.00,36.00,500.00,50.00,7.82,7.09,150.92,23.72,16.23,0.51,,
40413.00,95.00,500.00,40.00,7.67,7.03,139.42,48.17,13.19,0.52,,
40694.00,96.00,1000.00,40.00,7.70,7.05,128.55,25.48,12.03,0.81,,
40497.00,96.00,500.00,50.00,7.75,7.08,114.50,22.27,12.41,0.54,,
40833.00,96.00,500.00,50.00,7.76,7.08,110.55,29.37,11.34,0.80,,
40459.00,100.00,1000.00,40.00,7.82,7.13,104.78,29.46,11.53,0.63,,
40500.00,100.00,500.00,50.00,7.71,7.08,116.75,28.56,11.48,0.58,,
40472.00,90.00,500.00,40.00,7.79,7.10,117.25,28.02,11.54,0.56,,
40920.00,93.00,500.00,50.00,7.76,6.45,106.09,21.44,10.13,0.50,,
40740.00,94.00,500.00,40.00,7.77,7.07,113.89,27.80,11.18,0.58,,
40609.00,92.00,500.00,40.00,7.80,7.16,127.00,33.87,12.53,0.50,,
40409.00,99.25,1050.00,31.00,7.89,7.09,104.67,30.97,10.12,0.56,,
39090.00,100.25,500.00,29.00,7.68,7.04,104.00,39.91,10.42,0.70,,
40281.00,100.28,500.00,28.00,7.87,7.08,77.20,17.94,8.86,0.57,,
40772.00,92.00,500.00,29.00,7.78,7.17,80.86,12.32,9.10,0.50,,
40599.00,93.00,1000.00,28.00,7.81,7.11,74.25,6.93,8.51,0.47,,
40705.70,92.00,525.00,29.00,7.85,7.24,88.71,15.24,8.81,0.63,,
40547.30,103.00,500.00,28.00,7.84,7.16,87.25,13.83,8.75,0.55,,
40030.00,103.00,500.00,29.00,7.79,7.03,91.18,15.17,9.35,0.46,,
39076.00,100.00,1000.00,28.00,7.87,7.15,95.75,19.38,9.24,0.61,,
39285.00,100.00,500.00,29.00,7.89,7.11,93.18,12.05,10.21,0.50,,
39219.00,99.00,500.00,28.00,7.89,7.15,112.38,22.47,11.44,0.57,,
39893.00,102.00,500.00,29.00,7.76,7.07,102.33,32.81,10.02,0.52,,
39630.00,99.00,1000.00,28.00,7.81,7.09,94.92,19.32,10.21,0.43,,
39722.00,96.00,500.00,29.00,7.70,7.06,114.13,29.13,11.44,0.41,,
39524.00,97.25,500.00,28.00,7.88,7.56,98.17,25.37,10.62,0.56,,
39039.00,91.50,1000.00,29.00,7.67,7.46,93.25,15.05,9.37,0.42,,
39701.00,105.00,500.00,28.00,7.91,7.42,106.17,28.93,9.55,0.47,,
40321.00,0.00,500.00,29.00,7.82,7.09,94.00,26.28,9.40,0.45,,
40340.00,0.00,1000.00,28.00,7.83,7.11,98.75,31.78,10.70,0.39,,
39569.00,0.00,500.00,29.00,7.96,7.28,179.57,31.31,24.29,0.45,,
39259.00,0.00,500.00,28.00,7.98,7.15,102.71,31.20,11.60,0.48,,
40689.00,0.00,500.00,29.00,7.75,7.14,108.50,35.54,11.03,0.39,,
40132.00,92.00,1000.00,28.00,7.93,7.15,123.13,40.92,12.93,0.41,,
39069.00,91.00,500.00,29.00,7.98,7.21,116.56,31.61,11.58,0.48,,
39197.00,90.00,500.00,28.00,7.74,7.12,135.00,16.33,13.98,0.35,,
39400.00,88.00,1000.00,29.00,7.47,7.16,121.92,26.77,12.14,0.38,,
39428.00,85.00,500.00,28.00,7.89,7.25,107.33,20.16,11.52,0.39,,
39606.00,90.00,500.00,29.00,7.85,7.26,101.71,20.41,11.07,0.37,,
39302.00,88.00,1000.00,28.00,7.92,7.37,106.50,16.86,13.42,0.41,,
39033.00,89.00,500.00,29.00,7.79,7.19,153.33,17.07,11.47,0.42,,
40046.00,86.00,500.00,30.00,7.79,7.28,130.50,22.82,11.56,0.43,,
40605.00,82.00,500.00,50.00,7.86,7.24,85.75,20.35,10.16,0.36,,
40055.00,84.00,1000.00,40.00,7.84,7.21,94.00,23.23,9.77,0.40,,
40369.00,90.00,500.00,50.00,7.83,7.28,95.08,22.80,9.48,0.45,,
40678.00,100.00,500.00,40.00,8.05,7.35,86.50,22.46,8.88,0.46,,
40391.00,96.00,500.00,50.00,7.98,7.55,98.75,31.27,9.97,0.60,,
40785.00,87.00,1000.00,50.00,7.90,7.18,77.17,26.59,9.44,0.49,,
40877.00,88.50,500.00,40.00,7.92,7.49,97.25,26.58,11.02,0.53,,
40584.00,90.00,500.00,60.00,7.78,7.35,94.43,19.10,10.32,0.52,,
40392.00,90.00,1000.00,30.00,7.96,7.39,98.78,18.96,9.87,0.43,,
40693.00,90.00,500.00,40.00,7.94,7.39,111.83,24.49,11.52,0.59,,
40798.00,90.00,500.00,50.00,7.90,7.29,92.36,22.53,11.75,0.58,,
40526.00,92.00,1000.00,40.00,7.69,7.16,105.89,20.03,10.92,0.44,,
40431.00,87.00,500.00,50.00,7.88,7.13,78.33,21.09,10.27,0.45,,
40050.00,90.00,500.00,50.00,8.03,7.42,72.75,25.67,9.64,0.45,,
40875.00,88.00,500.00,50.00,8.03,7.38,73.25,16.59,9.08,0.52,,
40108.00,88.00,1000.00,40.00,7.80,7.14,96.00,11.51,9.31,0.42,,
40533.00,90.00,500.00,40.00,7.87,7.19,95.50,20.78,9.66,0.47,,
40065.00,90.00,500.00,50.00,7.89,7.30,85.08,22.51,10.32,0.32,,
40008.00,91.00,500.00,40.00,7.76,7.18,98.00,19.36,10.28,0.39,,
40007.00,90.00,1000.00,40.00,7.73,7.19,92.25,18.78,10.83,0.41,,
40119.00,89.00,500.00,50.00,7.90,7.29,68.63,14.63,9.89,0.32,,
40210.00,90.00,500.00,50.00,7.88,7.30,73.75,23.67,9.81,0.47,,
40170.00,94.00,500.00,40.00,7.77,7.27,81.13,17.34,9.68,0.50,,
40039.00,94.00,1000.00,40.00,7.81,7.26,65.67,22.22,11.18,0.49,,
40187.00,95.00,500.00,50.00,7.87,7.25,84.75,22.98,10.00,0.42,,
40061.00,90.00,500.00,55.00,7.86,7.23,91.92,21.66,10.69,0.33,,
40064.00,93.00,500.00,50.00,7.72,7.28,55.25,16.28,10.15,0.43,,
40212.00,90.00,500.00,40.00,7.91,7.39,81.38,17.09,11.70,0.36,,
40002.00,93.00,1000.00,40.00,7.85,7.43,90.13,22.26,10.92,0.38,,
40050.00,90.00,500.00,40.00,7.95,7.46,100.25,13.16,10.48,0.35,,
39550.00,89.00,500.00,40.00,7.91,7.25,96.08,21.58,9.37,0.39,,
39904.00,92.00,500.00,40.00,7.74,7.25,87.75,20.57,9.53,0.43,,
39566.00,91.00,1000.00,40.00,7.69,7.14,104.88,20.64,9.94,0.38,,
39724.00,90.00,500.00,40.00,8.03,7.40,90.13,22.97,9.77,0.56,,
39408.00,90.00,500.00,50.00,7.97,7.46,88.88,19.56,9.99,0.45,,
39467.00,90.00,500.00,40.00,7.78,7.25,109.33,18.64,11.50,0.47,,
39758.00,90.00,1000.00,50.00,7.83,7.17,99.17,18.41,10.85,0.54,,
39773.00,90.00,500.00,33.00,7.88,7.32,112.00,13.20,11.81,0.47,,
39124.00,90.00,500.00,40.00,7.85,7.31,131.42,14.24,13.48,0.39,,
39181.00,90.00,500.00,50.00,7.64,7.23,110.88,17.70,12.21,0.42,,
39580.00,92.00,1000.00,40.00,7.70,7.25,125.38,15.05,14.44,0.46,,
39507.00,89.00,500.00,40.00,7.76,7.28,102.13,19.67,12.26,0.41,,
39265.00,90.00,1050.00,40.00,7.88,7.16,116.50,19.63,11.98,0.46,,
39193.00,90.00,1000.00,40.00,7.80,7.23,95.25,12.26,12.27,0.47,,
39237.00,92.00,500.00,40.00,7.82,7.28,96.25,22.20,11.61,0.54,,
39050.00,86.00,500.00,50.00,7.82,7.20,99.25,23.40,12.83,0.45,,
39005.00,88.00,500.00,40.00,7.71,7.13,117.13,15.27,12.71,0.39,,
39041.00,87.00,500.00,50.00,7.79,7.29,122.75,20.96,14.05,0.38,,
38895.00,90.00,500.00,40.00,7.81,7.25,116.75,18.42,14.28,0.36,,
38337.00,83.00,500.00,52.00,7.79,7.27,104.25,17.41,13.11,0.40,,
39870.00,95.00,500.00,40.00,7.76,7.30,105.38,11.23,11.85,0.43,,
38793.00,81.00,1000.00,50.00,7.96,7.38,109.75,24.14,12.20,0.53,,
39211.00,84.00,500.00,40.00,8.02,7.26,104.33,16.57,12.33,0.47,,
39025.00,30.00,1000.00,50.00,7.97,7.27,117.00,17.82,12.78,0.49,,
39168.00,0.00,500.00,50.00,7.83,7.42,128.88,19.79,13.39,0.48,,
39348.00,86.00,500.00,40.00,7.88,7.30,97.38,13.91,11.03,0.50,,
39537.00,88.00,500.00,50.00,7.86,7.34,108.75,18.16,11.90,0.46,,
39083.00,87.00,1000.00,60.00,7.67,7.20,96.13,15.20,11.23,0.47,,
39323.00,89.00,500.00,50.00,7.84,7.27,108.83,14.12,11.88,0.48,,
39661.00,92.00,500.00,60.00,7.74,7.26,120.17,13.22,12.92,0.38,,
39261.00,91.00,1000.00,60.00,7.66,7.18,120.48,9.25,15.10,0.38,,
39009.00,80.00,500.00,0.00,7.75,7.34,125.88,15.81,14.48,0.47,,
38946.00,81.00,500.00,0.00,7.93,7.32,127.88,11.19,13.46,0.44,,
39523.00,83.00,1000.00,0.00,7.90,7.32,130.50,15.59,13.53,0.44,,
39233.00,88.00,500.00,0.00,7.89,7.34,128.63,21.60,13.14,0.49,,
38829.00,88.00,500.00,0.00,7.87,7.29,127.25,15.00,13.86,0.41,,
39309.00,85.00,1000.00,0.00,7.93,7.37,118.42,17.11,13.24,0.42,,
39063.00,80.00,500.00,0.00,7.89,7.24,135.33,17.41,13.25,0.46,,
38706.00,82.00,500.00,0.00,7.81,7.25,131.25,22.50,12.63,0.59,,
39340.00,88.00,1000.00,0.00,7.87,7.33,125.75,17.67,12.78,0.48,,
39316.00,89.00,500.00,0.00,7.72,7.32,127.13,24.16,13.75,0.43,,
39086.00,85.00,500.00,0.00,7.69,7.18,119.75,20.38,12.63,0.41,,
39494.00,91.00,1000.00,0.00,7.78,7.26,124.75,23.52,12.95,0.48,,
39424.00,84.00,500.00,0.00,7.74,7.23,132.67,20.78,13.34,0.45,,
38677.00,84.00,1000.00,0.00,7.82,7.24,142.00,30.41,12.75,0.51,,
39491.00,90.00,500.00,0.00,7.88,7.34,147.38,40.71,14.03,0.64,,
39852.00,89.00,1000.00,0.00,7.86,7.30,139.13,20.38,13.69,0.37,,
38993.00,97.00,500.00,0.00,7.91,7.27,163.00,21.52,12.63,0.40,,
39091.00,99.00,500.00,0.00,7.88,7.31,145.75,18.28,14.71,0.43,,
39499.00,99.00,1000.00,0.00,7.84,7.26,190.38,20.40,15.78,0.36,,
39328.00,98.00,500.00,0.00,7.73,7.27,147.63,15.56,16.99,0.35,,
39915.00,98.00,1000.00,0.00,7.85,7.35,135.75,19.65,16.08,0.38,,
39398.00,100.00,500.00,0.00,7.79,7.32,146.50,24.54,15.00,0.52,,
39087.00,92.00,500.00,0.00,7.74,7.32,151.50,16.74,15.89,0.41,,
39327.00,92.00,1000.00,0.00,7.77,7.32,151.38,17.64,15.76,0.38,,
39327.00,95.00,500.00,0.00,7.75,7.38,153.25,29.50,16.38,0.47,,
39036.00,60.00,1000.00,0.00,7.79,7.29,137.63,23.08,13.88,0.43,,
39724.00,85.00,500.00,40.00,7.84,7.35,140.25,18.26,14.48,0.45,,
39513.00,98.00,500.00,70.00,7.85,7.28,149.96,20.69,14.03,0.45,,
40299.00,96.00,1000.00,50.00,7.86,7.38,142.13,25.97,14.33,0.54,,
39471.00,92.00,500.00,50.00,7.83,7.35,137.25,19.11,14.26,0.55,,
39216.00,88.00,500.00,50.00,7.89,7.40,133.67,13.52,14.22,0.42,,
29411.00,63.00,500.00,40.00,7.71,7.40,114.00,12.88,14.08,0.27,,
39192.00,80.00,1000.00,50.00,7.77,7.42,125.50,21.17,14.74,0.49,,
39263.00,90.00,500.00,50.00,7.97,7.28,144.50,15.39,15.65,0.43,,
39148.00,88.00,500.00,50.00,7.81,7.39,177.42,24.08,17.48,0.43,,
39139.00,92.00,500.00,60.00,7.83,7.34,99.50,12.54,16.41,0.35,,
39501.00,52.00,1000.00,50.00,7.88,7.25,181.63,23.22,17.89,0.50,,
39434.00,0.00,500.00,50.00,7.79,7.45,181.54,23.22,18.01,0.40,,
39080.00,0.00,1000.00,60.00,7.84,7.42,159.25,21.44,17.78,0.42,,
39063.00,16.00,500.00,50.00,7.90,7.41,145.25,19.38,16.04,0.39,,
39480.00,89.00,1000.00,60.00,7.88,7.43,164.38,21.80,16.65,0.41,,
39160.00,94.00,500.00,60.00,7.84,7.45,156.00,25.44,15.35,0.41,,
39132.00,93.00,1000.00,50.00,7.83,7.53,156.00,14.76,16.70,0.40,,
39218.00,89.00,500.00,50.00,7.62,7.12,157.75,21.79,17.83,0.33,,
15423.00,39.00,500.00,30.00,7.81,7.55,150.67,20.53,16.20,0.40,,
14332.00,39.00,0.00,20.00,7.98,7.59,185.00,20.46,20.05,0.47,,
39363.00,96.00,1000.00,60.00,7.89,7.58,192.00,,17.20,0.46,,
39356.00,94.00,500.00,50.00,7.96,7.54,182.00,,16.58,0.43,,
39206.00,98.00,1000.00,50.00,7.97,7.56,189.25,,17.78,0.43,,
39166.00,100.00,500.00,60.00,7.94,7.56,197.50,,18.88,0.53,,
39387.00,84.00,1000.00,60.00,7.92,7.57,182.00,,16.75,0.40,,
39303.00,101.00,500.00,60.00,7.97,7.58,188.17,20.24,18.73,0.53,,
39290.00,93.00,1000.00,50.00,7.94,7.39,186.63,21.53,19.43,0.39,,
39104.00,98.00,1000.00,50.00,7.91,7.54,183.38,26.66,18.84,0.44,,
39409.00,98.00,500.00,60.00,7.79,7.47,175.38,24.44,17.56,0.41,,
39387.00,91.00,1000.00,50.00,7.92,7.55,176.50,32.48,17.23,0.40,,
39278.00,96.00,500.00,50.00,8.00,7.55,189.67,27.20,18.43,0.39,,
39077.00,101.00,1000.00,50.00,7.88,7.59,200.13,36.10,18.63,0.49,,
39343.00,100.00,500.00,50.00,7.94,7.65,177.75,30.28,17.74,0.40,,
39318.00,102.00,1000.00,50.00,8.01,7.58,201.25,31.45,22.65,0.47,,
31988.00,79.00,500.00,50.00,7.88,7.51,145.63,25.13,15.24,0.46,,
29150.00,77.00,500.00,50.00,8.40,7.84,102.50,66.50,9.74,0.69,,
24633.00,75.00,500.00,30.00,8.57,7.86,113.00,47.81,8.57,0.69,,
27392.00,68.00,500.00,50.00,7.97,7.68,123.25,72.48,8.35,2.05,,
25053.00,79.00,0.00,30.00,8.67,7.86,94.63,65.40,3.99,1.97,,
28891.00,78.00,500.00,30.00,8.67,7.86,94.63,65.40,3.99,1.97,,
25110.00,68.00,500.00,30.00,8.92,8.09,93.00,76.39,6.14,4.24,,
22563.00,106.00,500.00,50.00,7.91,7.91,296.25,32.88,21.70,1.58,,
37310.00,102.00,500.00,50.00,8.04,7.59,168.67,27.24,24.23,0.58,,
36953.20,92.00,1000.00,50.00,7.25,7.66,219.13,26.65,22.13,0.54,,
37998.00,97.00,500.00,60.00,8.27,7.71,260.92,34.55,26.38,0.44,,
37802.00,97.00,1000.00,50.00,7.95,7.73,280.67,,31.50,0.57,,
37366.00,92.00,500.00,50.00,8.17,7.75,270.50,26.93,25.90,0.52,,
37291.00,88.00,1000.00,50.00,8.12,7.61,246.00,22.90,22.75,0.41,,
39349.00,94.00,500.00,50.00,8.18,7.60,217.38,26.88,21.45,0.40,,
34689.00,93.00,1000.00,50.00,8.18,7.59,200.63,24.00,21.26,0.42,,
38027.00,95.00,1000.00,50.00,8.16,7.68,233.75,33.09,22.35,0.45,,
37783.00,98.00,500.00,50.00,8.27,7.81,181.38,31.23,16.85,0.57,,
35819.00,100.00,1000.00,30.00,8.37,7.64,199.50,32.33,19.06,0.39,,
36856.00,107.00,1000.00,60.00,8.11,7.57,293.13,31.20,31.49,0.37,,
37578.00,105.00,500.00,50.00,8.08,7.52,264.00,30.83,33.03,0.29,,
31610.00,94.00,1000.00,60.00,8.17,7.67,264.75,22.19,23.68,0.41,,
31068.00,83.00,500.00,40.00,8.87,7.89,130.50,37.24,11.82,0.66,,
25457.00,74.00,500.00,40.00,8.75,7.89,139.67,50.72,10.32,0.87,,
26865.00,52.00,0.00,40.00,8.99,8.08,155.00,82.96,12.79,1.26,,
24295.00,80.00,500.00,30.00,8.91,7.93,96.50,32.67,4.27,1.38,,
31853.00,95.00,500.00,40.00,8.80,7.91,80.13,41.76,2.83,0.97,,
26573.00,89.00,500.00,40.00,9.08,8.17,72.50,64.00,3.22,1.48,,
24707.00,91.00,0.00,40.00,9.17,7.99,52.13,39.00,2.50,1.32,,
24156.00,92.00,500.00,40.00,9.03,8.02,41.00,33.52,3.26,1.01,,
20491.00,69.00,0.00,20.00,8.97,,93.00,62.75,7.62,,,
25900.00,86.00,500.00,40.00,8.75,8.05,56.75,40.29,3.69,0.27,,
31620.00,95.00,500.00,40.00,8.54,7.98,258.13,35.44,30.95,1.35,,
35336.00,99.00,1000.00,60.00,8.33,7.74,328.00,21.40,36.13,0.34,,
37434.00,101.00,1000.00,50.00,8.26,7.88,440.75,21.54,57.53,0.66,,
35445.00,104.00,1000.00,50.00,8.28,7.88,527.50,22.34,64.97,0.47,,
36316.00,107.00,1000.00,60.00,8.37,7.88,549.00,14.63,59.98,0.55,,
35606.00,102.00,1000.00,50.00,8.33,7.82,477.71,16.61,58.86,0.41,,
36109.00,107.00,500.00,50.00,8.16,7.86,181.00,18.31,47.21,0.39,,
28240.00,95.00,1000.00,50.00,8.38,7.87,207.42,15.06,50.63,0.46,,
25120.00,81.00,500.00,40.00,8.28,7.90,413.17,13.44,53.90,0.45,,
25770.00,73.00,500.00,50.00,8.54,8.03,282.92,11.68,30.40,0.49,,
25085.00,75.00,500.00,40.00,8.78,7.94,206.63,9.47,17.95,0.58,,
25331.00,75.00,500.00,50.00,8.65,8.16,138.50,67.73,10.50,1.03,,
31012.00,81.00,500.00,40.00,8.60,8.23,103.88,67.73,6.67,1.12,,
25846.00,87.00,500.00,40.00,8.35,7.48,135.75,70.52,12.30,1.34,,
25229.00,87.00,500.00,40.00,8.63,8.23,500.25,54.25,49.54,1.03,,
29179.00,109.00,1000.00,40.00,8.35,7.83,555.44,18.41,67.34,0.90,,
29221.00,103.00,500.00,50.00,8.39,7.88,438.08,15.33,78.08,0.56,,
35705.00,94.00,500.00,60.00,8.41,7.87,444.92,21.16,75.31,0.45,,
33717.00,103.00,500.00,40.00,8.48,7.94,535.44,27.15,72.91,0.43,,
34859.00,101.00,1000.00,50.00,8.39,7.93,412.00,31.35,67.10,0.42,,
33466.00,103.00,500.00,50.00,8.33,7.86,694.38,27.00,67.15,0.41,,
32684.00,103.00,1000.00,50.00,8.36,7.97,576.25,10.09,102.85,0.52,,
37523.00,104.00,500.00,60.00,8.45,7.96,417.63,25.62,68.31,0.60,,
32649.00,101.00,1000.00,50.00,8.60,8.00,313.50,15.73,41.05,0.54,,
28108.00,86.00,500.00,50.00,8.89,8.08,260.67,20.25,26.29,0.52,,
28089.00,97.00,1000.00,40.00,8.78,8.18,244.08,60.36,23.48,0.97,,
28745.00,99.00,500.00,50.00,8.52,8.21,193.75,54.17,19.08,0.97,,
33995.00,109.00,1000.00,40.00,8.95,8.05,165.75,45.50,12.50,0.78,,
31983.00,112.00,500.00,40.00,8.99,8.10,204.83,58.03,17.52,0.86,,
36791.00,104.00,1000.00,60.00,8.39,7.92,988.50,39.56,174.75,0.67,,
